text,language
"Hello, how are you doing today?",English
The quick brown fox jumps over the lazy dog.,English
Natural language processing has evolved rapidly in recent years.,English
Machine learning algorithms discover patterns hidden inside complex data.,English
We are meeting at the conference center tomorrow morning.,English
Could you please send me the documentation for the new API?,English
Climate change represents one of the greatest challenges of our era.,English
She decided to travel across Europe by train during the summer.,English
Reading books regularly expands your vocabulary and perspective on life.,English
The scientific method relies upon empirical evidence and careful testing.,English
Artificial intelligence is transforming industries around the world.,English
I enjoy drinking a hot cup of black coffee early in the morning.,English
Open-source software fosters collaboration among developers globally.,English
They celebrated their anniversary with friends and family in the garden.,English
Continuous integration ensures software quality throughout the lifecycle.,English
The museum displays artifacts from ancient civilizations across continents.,English
Please make sure all test cases pass before deploying to production.,English
Understanding user intent is essential for conversational assistants.,English
The symphony orchestra performed Beethoven's Ninth Symphony with passion.,English
Solar and wind energy are becoming increasingly cost-effective options.,English
What time does the train to Edinburgh leave from this platform?,English
He spent the entire weekend studying for his computer science exam.,English
"The recipe calls for fresh basil, olive oil, garlic, and ripe tomatoes.",English
"Data science involves statistical analysis, programming, and domain knowledge.",English
Deep learning models require large amounts of labeled training data.,English
She graduated with honors in linguistics and computational neuroscience.,English
The restaurant serves authentic Mediterranean dishes made from local produce.,English
Can you explain the difference between supervised and unsupervised learning?,English
Urban planning requires balancing environmental sustainability with economic growth.,English
A peaceful walk through the forest calms the mind after a busy week.,English
The database query execution time improved by forty percent after indexing.,English
Good communication skills are just as important as technical expertise.,English
The spacecraft completed its orbital insertion maneuver successfully.,English
Children learn languages much faster than adults through immersive play.,English
We need to schedule a retrospective meeting to review the sprint results.,English
Digital privacy is becoming a central topic in public policy debates.,English
The library contains thousands of historical manuscripts and maps.,English
"Always write clean, self-documenting code with comprehensive unit tests.",English
Breakfast is often considered the most important meal of the day.,English
The ocean currents influence global weather systems and marine ecosystems.,English
Thank you very much for your thoughtful feedback on my proposal.,English
He is preparing a presentation on renewable energy technologies.,English
The mobile application has been downloaded over one million times.,English
I would like to order a warm beverage and a slice of lemon cake.,English
Quantum computing may solve problems currently intractable for classical computers.,English
The hiking trail offers breathtaking views of the surrounding valley.,English
Microservices architecture enables teams to scale services independently.,English
Education empowers individuals and strengthens democratic societies.,English
Have you had a chance to look at the pull request I submitted yesterday?,English
"The autumn leaves turned brilliant shades of red, orange, and gold.",English
"नमस्ते, आप कैसे हैं?",Hindi
आज का मौसम बहुत सुहावना और ठंडा है।,Hindi
मुझे भारतीय शास्त्रीय संगीत सुनना बहुत पसंद है।,Hindi
प्राकृतिक भाषा प्रसंस्करण कृत्रिम बुद्धिमत्ता की एक महत्वपूर्ण शाखा है।,Hindi
क्या आप मुझे इस पते पर जाने का रास्ता बता सकते हैं?,Hindi
हम सभी कल शाम को एक साथ भोजन करेंगे।,Hindi
ज्ञान और शिक्षा जीवन में सफलता की सबसे बड़ी कुंजी हैं।,Hindi
हिमालय के ऊंचे पहाड़ दुनिया के सबसे खूबसूरत दृश्यों में से एक हैं।,Hindi
यह पुस्तक विज्ञान और दर्शनशास्त्र के विषयों पर आधारित है।,Hindi
कृपया इस प्रपत्र को ध्यानपूर्वक पढ़ें और हस्ताक्षर करें।,Hindi
भारत एक समृद्ध सांस्कृतिक और ऐतिहासिक विरासत वाला देश है।,Hindi
मशीन लर्निंग से कंप्यूटर बिना स्पष्ट प्रोग्रामिंग के सीख सकते हैं।,Hindi
समय का सदुपयोग करना हर मनुष्य के लिए अत्यंत आवश्यक है।,Hindi
आजकल डिजिटल तकनीक से पढ़ाई करना बहुत आसान हो गया है।,Hindi
मुझे सुबह की सैर करना और ताजा हवा में सांस लेना अच्छा लगता है।,Hindi
रेलगाड़ी अपने निर्धारित समय से आधे घंटे की देरी से चल रही है।,Hindi
दीपावली का त्योहार रोशनी और खुशियों का प्रतीक है।,Hindi
"स्वास्थ्य ही सच्चा धन है, इसलिए नियमित व्यायाम करें।",Hindi
हम अपने नए प्रोजेक्ट के लिए नए विचारों पर चर्चा कर रहे हैं।,Hindi
गंगा नदी भारत की सबसे पवित्र और महत्वपूर्ण नदियों में से एक है।,Hindi
क्या आपने आज का ताजा समाचार पत्र पढ़ा है?,Hindi
बच्चों को बचपन से ही अच्छी आदतें सिखानी चाहिए।,Hindi
पर्यावरण संरक्षण हम सबकी नैतिक और सामाजिक जिम्मेदारी है।,Hindi
इस शहर के ऐतिहासिक किले पर्यटकों को बहुत आकर्षित करते हैं।,Hindi
माता-पिता का सम्मान करना हमारे संस्कारों का अभिन्न अंग है।,Hindi
आज के युग में कंप्यूटर का ज्ञान होना बेहद जरूरी है।,Hindi
सूर्य पूर्व दिशा से उदय होता है और पश्चिम में अस्त होता है।,Hindi
मुझे मसालेदार और स्वादिष्ट भारतीय खाना बहुत पसंद है।,Hindi
सफलता पाने के लिए कठिन परिश्रम और धैर्य की आवश्यकता होती है।,Hindi
पुस्तकालय में शांति बनाए रखना सभी का कर्तव्य है।,Hindi
किसान हमारे देश की रीढ़ हैं जो अनाज उगाते हैं।,Hindi
कृपया अपनी यात्रा के दौरान स्वच्छता का विशेष ध्यान रखें।,Hindi
विज्ञान ने मानव जीवन को अत्यधिक सरल और सुविधाजनक बना दिया है।,Hindi
आपकी इस अमूल्य सहायता के लिए बहुत-बहुत धन्यवाद।,Hindi
जीवन में सकारात्मक सोच रखने से हर समस्या का समाधान मिल जाता है।,Hindi
महात्मा गांधी ने सत्य और अहिंसा का मार्ग दुनिया को दिखाया।,Hindi
क्या आप मेरे साथ शाम को बाजार चलना पसंद करेंगे?,Hindi
योग और ध्यान से मानसिक शांति और शारीरिक स्फूर्ति मिलती है।,Hindi
विद्यालय में वार्षिक खेलकूद प्रतियोगिता का आयोजन किया गया।,Hindi
मित्रता जीवन का सबसे अनमोल और खूबसूरत उपहार है।,Hindi
यह मोबाइल ऐप उपयोग करने में बहुत आसान और उपयोगी है।,Hindi
गर्मी की छुट्टियों में हम पहाड़ों पर घूमने जाने की योजना बना रहे हैं।,Hindi
अनुशासन सफलता की पहली और सबसे महत्वपूर्ण सीढ़ी है।,Hindi
"पानी की हर एक बूंद कीमती है, इसे व्यर्थ न बहाएं।",Hindi
संगणक विज्ञान के क्षेत्र में हर रोज नए आविष्कार हो रहे हैं।,Hindi
आपका दिन मंगलमय और खुशियों से भरा हो।,Hindi
भारतीय रेल दुनिया के सबसे बड़े रेल नेटवर्कों में से एक है।,Hindi
कला और साहित्य समाज का दर्पण होते हैं।,Hindi
मुझे नई भाषाएं और संस्कृतियां सीखने का बहुत शौक है।,Hindi
सच्चाई की हमेशा जीत होती है और असत्य पराजित होता है।,Hindi
"नमस्कार, तुम्ही कसे आहात?",Marathi
आजचे हवामान खूपच छान आणि आल्हाददायक आहे.,Marathi
मला मराठी साहित्य आणि कविता वाचायला खूप आवडते.,Marathi
नैसर्गिक भाषा प्रक्रिया हा संगणक शास्त्रातील एक रंजक विषय आहे.,Marathi
कृपया मला जवळच्या रेल्वे स्टेशनचा रस्ता दाखवाल का?,Marathi
आपण सर्वजण उद्या संध्याकाळी एकत्र भेटूया आणि चर्चा करूया.,Marathi
शिक्षण हे माणसाच्या सर्वांगीण विकासाचे सर्वात मोठे साधन आहे.,Marathi
सह्याद्रीच्या रांगा आणि ऐतिहासिक किल्ले महाराष्ट्राचे वैभव आहेत.,Marathi
हे पुस्तक वाचून मला खूप नवीन गोष्टी शिकायला मिळाल्या.,Marathi
कृपया हा अर्ज काळजीपूर्वक वाचा आणि त्यावर सही करा.,Marathi
महाराष्ट्र ही संतांची आणि शूरवीरांची पावन भूमी आहे.,Marathi
मशीन लर्निंगच्या साहाय्याने अनेक क्लिष्ट कामे सोपी होतात.,Marathi
वेळेचे महत्त्व जाणून जो काम करतो तोच जीवनात यशस्वी होतो.,Marathi
सध्याच्या काळात तंत्रज्ञानाचा वापर प्रत्येक क्षेत्रात वाढत आहे.,Marathi
मला सकाळी बागेत फिरायला जायला आणि व्यायाम करायला आवडते.,Marathi
पुणे आणि मुंबई दरम्यान धावणारी डेक्कन क्वीन ही अतिशय प्रसिद्ध गाडी आहे.,Marathi
गणेशोत्सव हा महाराष्ट्रातील सर्वात मोठा आणि उत्साहाचा सण आहे.,Marathi
"आरोग्य हीच खरी संपत्ती आहे, हे प्रत्येकाने लक्षात ठेवले पाहिजे.",Marathi
आम्ही आमच्या नवीन प्रकल्पासाठी उपयुक्त माहिती गोळा करत आहोत.,Marathi
गोदावरी नदी ही महाराष्ट्रातील सर्वात मोठी आणि महत्त्वाची नदी आहे.,Marathi
तुम्ही आजचे वर्तमानपत्र वाचले आहे का?,Marathi
लहान मुलांवर चांगले संस्कार करणे ही पालकांची मोठी जबाबदारी आहे.,Marathi
"झाडे लावा आणि झाडे जगवा, हा संदेश आपण सर्वांनी अमलात आणला पाहिजे.",Marathi
छत्रपती शिवाजी महाराजांचा इतिहास प्रत्येक पिढीला प्रेरणा देतो.,Marathi
आई-वडिलांचे आशीर्वाद हे जीवनातील सर्वात मोठे बळ असते.,Marathi
माहिती तंत्रज्ञानाच्या युगात नवनवीन कौशल्ये शिकणे आवश्यक झाले आहे.,Marathi
सूर्य पूर्वेला उगवतो आणि पश्चिमेला मावळतो.,Marathi
"मला गरमागरम पोहे, मिसळ आणि चहा खूप आवडतो.",Marathi
यश मिळवण्यासाठी सातत्य आणि कठोर परिश्रमाची गरज असते.,Marathi
वाचनालयात शांतता राखणे हे प्रत्येक वाचकाचे आद्य कर्तव्य आहे.,Marathi
शेतकरी हा जगाचा पोशिंदा असून त्याचे कष्ट अमूल्य आहेत.,Marathi
प्रवासात आपल्या सामानाची योग्य काळजी घ्या.,Marathi
विज्ञानाने मानवी जीवन अतिशय सुलभ आणि सुखकर बनवले आहे.,Marathi
तुमच्या बहुमूल्य मदतीबद्दल मी आपला मनापासून आभारी आहे.,Marathi
सकारात्मक दृष्टिकोन ठेवल्यास जीवनातील संकटांवर मात करता येते.,Marathi
संत ज्ञानेश्वरांनी ज्ञानेश्वरीच्या माध्यमातून ज्ञानाचा प्रकाश दिला.,Marathi
तुम्ही संध्याकाळी आमच्या घरी चहा पिण्यासाठी याल का?,Marathi
योगासने आणि प्राणायाम केल्याने मन आणि शरीर निरोगी राहते.,Marathi
शाळेत नुकताच वार्षिक क्रीडा महोत्सव मोठ्या उत्साहात पार पडला.,Marathi
मैत्री हे आयुष्यातील सर्वात सुंदर आणि पवित्र नाते आहे.,Marathi
हे ॲप्लिकेशन वापरण्यास अत्यंत सोपे आणि सोयीस्कर आहे.,Marathi
उन्हाळ्याच्या सुट्टीत आम्ही कोकणात गावी जाण्याचा विचार करत आहोत.,Marathi
शिस्त आणि प्रामाणिकपणा या यशाच्या दोन महत्त्वाच्या पायऱ्या आहेत.,Marathi
पाण्याचा थेंब न् थेंब वाचवणे ही काळाची मोठी गरज आहे.,Marathi
कृत्रिम बुद्धिमत्तेचा वापर वैद्यकीय क्षेत्रात वेगाने होत आहे.,Marathi
तुमचा आजचा दिवस आनंदात आणि उत्साहात जावो.,Marathi
वारकरी संप्रदाय ही महाराष्ट्राची एक अद्वितीय सांस्कृतिक परंपरा आहे.,Marathi
नाट्य आणि संगीत ही महाराष्ट्राच्या सांस्कृतिक जीवनाची भूषणे आहेत.,Marathi
मला नवीन मित्र बनवणे आणि त्यांच्याशी संवाद साधणे आवडते.,Marathi
सत्य आणि न्यायाच्या मार्गावर चालणाऱ्याला कधीही भीती वाटत नाही.,Marathi
"Bonjour, comment allez-vous aujourd'hui?",French
Le temps est magnifique et ensoleillé ce matin à Paris.,French
J'aime beaucoup lire des romans classiques de la littérature française.,French
Le traitement automatique du langage naturel progresse à grands pas.,French
Pourriez-vous m'indiquer le chemin pour aller à la gare centrale?,French
Nous allons dîner ensemble dans un petit restaurant ce soir.,French
L'éducation et la culture sont les piliers de notre société.,French
La tour Eiffel et le musée du Louvre attirent des millions de touristes.,French
Ce livre apporte un éclairage passionnant sur l'histoire contemporaine.,French
Veuillez remplir ce formulaire et le signer au bas de la page.,French
La gastronomie française est inscrite au patrimoine culturel immatériel.,French
L'apprentissage automatique permet aux ordinateurs de détecter des régularités.,French
Il est très important de bien gérer son temps pour réussir ses projets.,French
Les technologies numériques transforment notre façon de travailler.,French
J'adore me promener le long des quais de la Seine au coucher du soleil.,French
Le train à grande vitesse arrivera avec quelques minutes d'avance.,French
La fête nationale est célébrée le quatorze juillet avec des feux d'artifice.,French
Prendre soin de sa santé commence par une alimentation saine et équilibrée.,French
Nous préparons une présentation détaillée pour la réunion de demain.,French
Les Alpes françaises offrent des paysages spectaculaires en toute saison.,French
Avez-vous lu les dernières nouvelles dans le journal de ce matin?,French
L'art impressionniste a profondément marqué l'histoire de la peinture.,French
Protéger la biodiversité est un devoir envers les générations futures.,French
Les châteaux de la Loire témoignent de la grandeur de la Renaissance.,French
Je prendrais volontiers une tasse de café avec un croissant chaud.,French
"La recherche scientifique nécessite rigueur, patience et curiosité.",French
Le soleil se lève à l'est et se couche à l'ouest.,French
"La cuisine provençale utilise beaucoup d'huile d'olive, d'ail et d'herbes aromatiques.",French
Le travail d'équipe permet d'atteindre des objectifs ambitieux.,French
Le silence est requis dans les salles de lecture de la bibliothèque.,French
Les viticulteurs français perpétuent un savoir-faire transmis de génération en génération.,French
Nous vous remercions sincèrement pour votre aide précieuse.,French
La musique adoucit les mœurs et rassemble les peuples.,French
Victor Hugo et Marcel Proust sont des figures majeures des lettres françaises.,French
Voulez-vous m'accompagner au cinéma pour voir ce nouveau film?,French
La pratique régulière du sport favorise le bien-être physique et mental.,French
L'université organise une semaine consacrée à l'innovation et à l'entrepreneuriat.,French
L'amitié véritable est un trésor rare et inestimable dans la vie.,French
Cette application mobile propose une interface intuitive et ergonomique.,French
Nous avons prévu de passer nos vacances d'été au bord de la mer Méditerranée.,French
La persévérance est la clé principale pour surmonter tous les obstacles.,French
L'eau potable est une ressource vitale que nous devons préserver.,French
Le développement durable concilie croissance économique et respect écologique.,French
Je vous souhaite une excellente journée remplie de succès.,French
La langue française possède une riche variété d'expressions poétiques.,French
Le festival de cinéma de Cannes réunit les plus grands cinéastes internationaux.,French
Nous avons visité une charmante boulangerie artisanale dans le vieux village.,French
La liberté d'expression est une valeur fondamentale de la démocratie.,French
L'intelligence artificielle ouvre de nouvelles perspectives fascinantes.,French
Il faut toujours garder espoir même dans les moments les plus difficiles.,French
"Guten Tag, wie geht es Ihnen heute?",German
Das Wetter ist heute Morgen überraschend sonnig und mild.,German
Ich lese sehr gerne historische Romane und philosophische Werke.,German
Die Verarbeitung natürlicher Sprache macht derzeit enorme Fortschritte.,German
Könnten Sie mir bitte den Weg zum nächsten Bahnhof beschreiben?,German
Wir treffen uns heute Abend mit Freunden in einem gemütlichen Restaurant.,German
Bildung und Wissenschaft sind das Fundament unseres gesellschaftlichen Wohlstands.,German
Die bayerischen Alpen bieten zu jeder Jahreszeit spektakuläre Ausblicke.,German
Dieses Fachbuch bietet eine fundierte Einführung in die Informationstechnologie.,German
Bitte füllen Sie das beiliegende Formular sorgfältig aus und unterschreiben Sie es.,German
"Deutschland ist bekannt für seine Ingenieurskunst, Dichter und Denker.",German
"Maschinelles Lernen hilft Unternehmen, komplexe Prozesse zu optimieren.",German
Ein gutes Zeitmanagement ist entscheidend für den beruflichen Erfolg.,German
"Moderne Softwarearchitekturen müssen flexibel, skalierbar und wartbar sein.",German
Ich genieße einen morgendlichen Spaziergang durch den herbstlichen Park.,German
Der Intercity-Express erreicht den Berliner Hauptbahnhof pünktlich um zehn Uhr.,German
Das Oktoberfest in München zieht jedes Jahr Millionen von Besuchern an.,German
Gesunde Ernährung und regelmäßige Bewegung sind wichtig für das Wohlbefinden.,German
Wir bereiten die Präsentation für das morgige Strategiemeeting gründlich vor.,German
Der Rhein fließt durch malerische Täler und historische Städte.,German
Haben Sie den aktuellen Leitartikel in der heutigen Zeitung gelesen?,German
Johann Wolfgang von Goethe und Friedrich Schiller prägten die deutsche Klassik.,German
Nachhaltigkeit und Klimaschutz stehen im Mittelpunkt der modernen Energiepolitik.,German
Die Schlösser und Burgen entlang der Flüsse zeugen von einer reichen Geschichte.,German
Ich trinke morgens am liebsten eine Tasse frisch gebrühten Filterkaffee.,German
Wissenschaftliche Forschung erfordert methodische Strenge und Durchhaltevermögen.,German
Die Sonne geht im Osten auf und versinkt am Abend im Westen.,German
Die deutsche Brotvielfalt ist weltweit für ihre herausragende Qualität berühmt.,German
Erfolgreiche Teamarbeit basiert auf gegenseitigem Vertrauen und offener Kommunikation.,German
In der Universitätsbibliothek bitten wir um absolute Ruhe und Konzentration.,German
Mittelständische Unternehmen bilden das Rückgrat der deutschen Wirtschaft.,German
Vielen herzlichen Dank für Ihre freundliche Unterstützung und Beratung.,German
Klassische Musik von Johann Sebastian Bach berührt die Herzen der Menschen.,German
Der Kölner Dom ist ein Meisterwerk der gotischen Architektur.,German
Möchten Sie heute Nachmittag gemeinsam einen Ausflug an den See machen?,German
Sportliche Aktivität an der frischen Luft stärkt das Immunsystem nachhaltig.,German
Die Technische Universität veranstaltet eine Konferenz über Künstliche Intelligenz.,German
Wahre Freundschaft zeichnet sich durch Verlässlichkeit in schwierigen Zeiten aus.,German
"Diese Benutzeroberfläche ist übersichtlich, barrierefrei und einfach zu bedienen.",German
Im Sommer planen wir eine ausgedehnte Radtour entlang der Donau.,German
Geduld und Ausdauer führen letztlich immer zum gewünschten Ziel.,German
Der schonende Umgang mit natürlichen Ressourcen sichert unsere Zukunft.,German
Erneuerbare Energien leisten einen entscheidenden Beitrag zur Energiewende.,German
Ich wünsche Ihnen einen angenehmen Tag und viel Erfolg bei Ihren Projekten.,German
Die deutsche Sprache zeichnet sich durch präzise zusammengesetzte Hauptwörter aus.,German
Die Buchmesse in Frankfurt ist der weltweit bedeutendste Treffpunkt für Verlage.,German
Wir haben die Systemarchitektur komplett auf moderne Cloud-Dienste umgestellt.,German
Freiheit und Rechtsstaatlichkeit sind unantastbare Werte unserer Verfassung.,German
Automatisierte Tests gewährleisten eine konstant hohe Softwarequalität.,German
Mit Entschlossenheit und Zuversicht lassen sich neue Herausforderungen meistern.,German
"Hola, ¿cómo estás hoy? Espero que tengas un excelente día.",Spanish
El clima está soleado y muy agradable esta mañana en la ciudad.,Spanish
Me fascina leer novelas de realismo mágico de la literatura hispana.,Spanish
El procesamiento del lenguaje natural avanza rápidamente en la actualidad.,Spanish
¿Podría indicarme el camino hacia la estación de tren más cercana?,Spanish
Esta noche nos reuniremos con amigos para cenar en un restaurante típico.,Spanish
La educación y el conocimiento abren puertas a innumerables oportunidades.,Spanish
Las playas del mar Caribe son famosas por sus aguas cristalinas y arena blanca.,Spanish
Este libro contiene lecciones valiosas sobre liderazgo y desarrollo personal.,Spanish
"Por favor, complete este formulario con sus datos personales y firme aquí.",Spanish
España y América Latina comparten una rica herencia cultural y lingüística.,Spanish
El aprendizaje automático permite analizar grandes volúmenes de datos con precisión.,Spanish
Organizar bien el tiempo diario es clave para mantener un balance saludable.,Spanish
La tecnología digital transforma constantemente nuestra manera de comunicarnos.,Spanish
Disfruto mucho de caminar por el parque mientras escucho música relajante.,Spanish
El tren de alta velocidad llegará puntual a la estación central de Madrid.,Spanish
"Las fiestas tradicionales están llenas de música, baile, colores y alegría.",Spanish
Mantener una buena alimentación y hacer ejercicio previene enfermedades.,Spanish
Estamos preparando los detalles de la presentación para los nuevos clientes.,Spanish
La cordillera de los Andes atraviesa varios países de América del Sur.,Spanish
¿Has tenido tiempo de revisar las noticias destacadas en el periódico?,Spanish
Miguel de Cervantes escribió la célebre obra Don Quijote de la Mancha.,Spanish
Cuidar el medio ambiente es una responsabilidad que compartimos todos.,Spanish
Las ciudades coloniales conservan una arquitectura histórica impresionante.,Spanish
Prefiero tomar un café con leche y unas tostadas durante el desayuno.,Spanish
"La investigación científica requiere disciplina, curiosidad y dedicación.",Spanish
El sol sale por el oriente y se oculta en el horizonte por el poniente.,Spanish
La gastronomía mexicana y española es reconocida a nivel internacional.,Spanish
El trabajo colaborativo potencia la creatividad y los resultados del equipo.,Spanish
Es importante mantener el silencio en las salas de lectura compartidas.,Spanish
Los agricultores locales cosechan frutas y verduras frescas de temporada.,Spanish
Muchísimas gracias por su valiosa ayuda y colaboración en este proyecto.,Spanish
La música latina hace vibrar a personas de todas las culturas y edades.,Spanish
La Alhambra de Granada es un monumento maravilloso de arte islámico.,Spanish
¿Te gustaría acompañarme al museo de arte moderno este fin de semana?,Spanish
La actividad física al aire libre aporta energía y vitalidad al cuerpo.,Spanish
La universidad celebró un congreso internacional sobre inteligencia artificial.,Spanish
La amistad sincera es uno de los tesoros más hermosos de la existencia humana.,Spanish
"Esta aplicación móvil cuenta con un diseño intuitivo, limpio y accesible.",Spanish
Planeamos viajar a la costa durante las próximas vacaciones de verano.,Spanish
La constancia y el esfuerzo diario son fundamentales para alcanzar tus metas.,Spanish
El agua es un recurso vital indispensable que debemos proteger y cuidar.,Spanish
La transición hacia energías limpias es indispensable para el planeta.,Spanish
Le deseo un día muy productivo y lleno de noticias positivas.,Spanish
El idioma español cuenta con una maravillosa riqueza de acentos y giros.,Spanish
El festival de cine iberoamericano premia las mejores producciones del año.,Spanish
Encontramos una acogedora cafetería artesanal en el centro histórico.,Spanish
Los derechos humanos y la igualdad son pilares de cualquier sociedad justa.,Spanish
Los modelos predictivos ayudan a tomar decisiones fundamentadas en datos reales.,Spanish
Nunca dejes de aprender cosas nuevas y explorar horizontes desconocidos.,Spanish
"Ciao, come stai oggi? Spero che la tua giornata stia andando bene.",Italian
"Il tempo a Roma questa mattina è mite, soleggiato e piacevole.",Italian
Amo leggere i grandi classici della letteratura e della poesia italiana.,Italian
L'elaborazione del linguaggio naturale sta facendo progressi straordinari.,Italian
"Mi scusi, saprebbe indicarmi la strada per raggiungere la piazza centrale?",Italian
Stasera andremo a cena insieme in una tipica trattoria di quartiere.,Italian
La cultura e l'istruzione sono fondamentali per la crescita dei cittadini.,Italian
Le colline toscane e i monumenti di Firenze incantano i visitatori del mondo.,Italian
Questo saggio offre spunti di riflessione originali sul nostro tempo.,Italian
La prego di compilare il modulo con attenzione e di firmare in basso.,Italian
"L'Italia è rinomata nel mondo per la sua arte, moda e cucina prelibata.",Italian
L'apprendimento automatico consente di individuare schemi complessi nei dati.,Italian
Gestire efficacemente le proprie priorità riduce lo stress lavorativo.,Italian
Le innovazioni tecnologiche stanno rivoluzionando il settore dell'istruzione.,Italian
Adoro fare una rilassante passeggiata sul lungomare al calar della sera.,Italian
Il treno ad alta velocità Frecciarossa è in arrivo sul binario tre.,Italian
Il carnevale di Venezia è celebre per le sue maschere storiche ed eleganti.,Italian
Una dieta mediterranea equilibrata è la chiave per una vita lunga e sana.,Italian
Stiamo completando l'analisi per il nuovo progetto che presenteremo domani.,Italian
I canali di Venezia e il Colosseo sono simboli universali di bellezza.,Italian
Hai già letto le notizie principali sul quotidiano di questa mattina?,Italian
"Dante Alighieri scrisse la Divina Commedia, capolavoro della letteratura mondiale.",Italian
La salvaguardia del paesaggio naturale è un dovere etico verso i nostri figli.,Italian
I borghi medievali italiani custodiscono tradizioni artigianali centenarie.,Italian
Al mattino preferisco bere un buon espresso con una brioche alla crema.,Italian
La ricerca scientifica richiede rigore metodologico e spirito critico.,Italian
Il sole sorge a oriente e tramonta dietro le montagne a occidente.,Italian
La pizza napoletana e la pasta fresca sono amate in ogni angolo del pianeta.,Italian
La collaborazione tra colleghi genera soluzioni creative e durature.,Italian
Si raccomanda di mantenere il silenzio all'interno della biblioteca.,Italian
I maestri vetrai di Murano realizzano opere d'arte uniche al mondo.,Italian
La ringrazio infinitamente per la sua gentilezza e disponibilità.,Italian
L'opera lirica di Giuseppe Verdi continua a emozionare teatri di tutto il mondo.,Italian
Il Duomo di Milano è uno spettacolare esempio di architettura gotica.,Italian
Ti andrebbe di venire con me a visitare la nuova mostra alla galleria d'arte?,Italian
Fare movimento all'aria aperta rigenera la mente e rafforza il corpo.,Italian
Il politecnico ha istituito un nuovo corso dedicato all'intelligenza artificiale.,Italian
La vera amicizia resiste al passare degli anni e alla distanza geografica.,Italian
"Questa interfaccia utente è moderna, elegante e reattiva su ogni dispositivo.",Italian
Quest'estate abbiamo deciso di trascorrere una settimana in Costiera Amalfitana.,Italian
La perseveranza e la passione sono gli ingredienti essenziali per trionfare.,Italian
L'acqua dolce è un bene prezioso che non dobbiamo mai sprecare.,Italian
Le energie rinnovabili rappresentano il futuro sostenibile del nostro pianeta.,Italian
Ti auguro una splendida giornata ricca di soddisfazioni personali.,Italian
La lingua italiana possiede una musicalità e un'espressività inconfondibili.,Italian
La biennale di Venezia riunisce artisti e architetti di livello internazionale.,Italian
Ci siamo fermati in una gelateria artigianale per assaggiare il pistacchio.,Italian
Il rispetto reciproco e la tolleranza sono i valori cardine della convivenza.,Italian
Gli algoritmi moderni aiutano i ricercatori a formulare diagnosi tempestive.,Italian
La curiosità di scoprire cose nuove mantiene giovane lo spirito.,Italian
"Olá, como você está hoje? Espero que tudo esteja ótimo por aí.",Portuguese
O dia amanheceu ensolarado e com uma brisa suave muito agradável.,Portuguese
Gosto muito de ler obras da literatura contemporânea em língua portuguesa.,Portuguese
O processamento de linguagem natural tem avançado de forma impressionante.,Portuguese
"Você poderia, por favor, me indicar o caminho para a estação de metrô?",Portuguese
Hoje à noite vamos nos reunir com a família para um jantar especial.,Portuguese
A educação de qualidade é a base sólida para a transformação da sociedade.,Portuguese
As praias do litoral brasileiro são conhecidas por sua beleza deslumbrante.,Portuguese
Este livro traz reflexões fundamentais sobre inovação e sustentabilidade.,Portuguese
"Por gentileza, preencha este formulário com seus dados e assine no final.",Portuguese
"O Brasil e Portugal compartilham laços históricos, culturais e linguísticos.",Portuguese
O aprendizado de máquina permite encontrar soluções para problemas complexos.,Portuguese
Organizar a rotina diária com antecedência aumenta a produtividade no trabalho.,Portuguese
A tecnologia tem o poder de aproximar pessoas e encurtar distâncias.,Portuguese
Adoro caminhar no calçadão no final da tarde apreciando o pôr do sol.,Portuguese
O trem suburbano partirá pontualmente da plataforma central às oito horas.,Portuguese
O Carnaval e as festas juninas são celebrações cheias de alegria e ritmo.,Portuguese
Cuidar da saúde física e mental é indispensável para viver com plenitude.,Portuguese
Estamos finalizando o relatório trimestral para a reunião com os diretores.,Portuguese
A floresta amazônica abriga a maior biodiversidade do nosso planeta.,Portuguese
Você já conferiu as principais notícias publicadas no jornal de hoje?,Portuguese
Fernando Pessoa e Machado de Assis são gigantes da literatura universal.,Portuguese
Preservar os rios e as matas é um compromisso urgente de todos nós.,Portuguese
As cidades históricas guardam memórias valiosas do período colonial.,Portuguese
Pela manhã eu aprecio um bom café com pão de queijo quentinho.,Portuguese
"O desenvolvimento científico exige método, ética e persistência contínua.",Portuguese
O sol nasce a leste e aos poucos vai se pondo no horizonte a oeste.,Portuguese
A culinária brasileira possui temperos ricos e pratos muito saborosos.,Portuguese
O trabalho colaborativo em equipe produz resultados muito mais inovadores.,Portuguese
Mantenha o silêncio nas dependências de estudo e leitura da biblioteca.,Portuguese
Os pequenos produtores rurais cultivam alimentos frescos e sustentáveis.,Portuguese
"Muito obrigado pela sua atenção, generosidade e presteza no atendimento.",Portuguese
A música popular brasileira encanta ouvintes de todos os cantos do mundo.,Portuguese
A arquitetura moderna de Brasília é reconhecida como patrimônio da humanidade.,Portuguese
Você gostaria de ir ao cinema comigo para assistir ao novo lançamento?,Portuguese
A prática de atividades físicas ao ar livre revigora o corpo e a mente.,Portuguese
A universidade promoverá um simpósio acadêmico sobre inteligência artificial.,Portuguese
A amizade verdadeira é um porto seguro nos momentos de maior dificuldade.,Portuguese
"Este aplicativo possui uma interface muito limpa, fluida e amigável.",Portuguese
Estamos planejando viajar para as serras durante as próximas férias.,Portuguese
"Com foco, dedicação e disciplina é possível alcançar grandes conquistas.",Portuguese
A água é um recurso finito essencial para a sobrevivência de todos os seres.,Portuguese
Investir em fontes de energia limpa é fundamental para frear o aquecimento global.,Portuguese
"Desejo a você um dia muito produtivo, repleto de boas energias e paz.",Portuguese
A língua portuguesa é falada por mais de duzentos e sessenta milhões de pessoas.,Portuguese
O festival de música reuniu artistas talentosos de diversas vertentes.,Portuguese
Paramos em uma padaria tradicional para tomar um suco natural de frutas.,Portuguese
A defesa dos direitos fundamentais é o alicerce de qualquer nação livre.,Portuguese
O aprendizado supervisionado ajuda a classificar dados com alta precisão.,Portuguese
A busca pelo conhecimento é uma jornada enriquecedora que nunca termina.,Portuguese
"Привет, как твои дела сегодня? Надеюсь, у тебя всё отлично.",Russian
"Сегодня в городе стоит ясная, прохладная и солнечная осенняя погода.",Russian
Я с большим интересом читаю произведения классической русской литературы.,Russian
Обработка естественного языка переживает период стремительного развития.,Russian
"Скажите, пожалуйста, как быстрее всего дойти до ближайшей станции метро?",Russian
Сегодня вечером мы собираемся встретиться с хорошими друзьями в кафе.,Russian
Образование и просвещение открывают перед человеком новые горизонты.,Russian
Озеро Байкал известно своей невероятной глубиной и чистейшей водой.,Russian
Эта книга содержит глубокий анализ исторических событий прошлого века.,Russian
"Пожалуйста, внимательно заполните этот бланк и поставьте подпись внизу.",Russian
"Русская культура славится своими достижениями в балете, музыке и науке.",Russian
Машинное обучение позволяет компьютерам находить скрытые закономерности.,Russian
Грамотное планирование рабочего времени помогает избегать лишнего стресса.,Russian
Современные цифровые технологии меняют наш привычный образ жизни.,Russian
Мне нравится гулять по березовой роще и дышать свежим лесным воздухом.,Russian
Скоростной поезд отправляется с первого пути строго по расписанию.,Russian
Белые ночи в Санкт-Петербурге привлекают путешественников со всего мира.,Russian
Здоровый сон и правильное питание необходимы для высокой продуктивности.,Russian
Мы готовим итоговую презентацию к завтрашнему совещанию руководства.,Russian
Уральские горы служат естественной географической границей двух частей света.,Russian
Ты уже успел прочитать утренний выпуск новостей в интернете?,Russian
Александр Пушкин и Лев Толстой оказали огромное влияние на мировую культуру.,Russian
Защита окружающей среды является нашей общей гражданской обязанностью.,Russian
Старинные кремлевские башни хранят память о великих исторических событиях.,Russian
Утром я с удовольствием выпиваю чашку горячего чая с лимоном.,Russian
"Научные исследования требуют терпения, строгости и преданности своему делу.",Russian
Солнце всходит на востоке и медленно садится за горизонт на западе.,Russian
"Традиционные пироги, блины и борщ занимают особое место в национальной кухне.",Russian
Слаженная командная работа помогает преодолевать самые трудные задачи.,Russian
В читальном зале библиотеки необходимо соблюдать тишину и порядок.,Russian
Отечественные ученые внесли неоценимый вклад в освоение космического пространства.,Russian
Большое спасибо за вашу своевременную помощь и поддержку в работе.,Russian
Музыка Петра Ильича Чайковского звучит в лучших концертных залах планеты.,Russian
Зимний дворец и Эрмитаж поражают великолепием архитектурных форм.,Russian
Хочешь пойти со мной сегодня на премьеру нового спектакля в театре?,Russian
Регулярные занятия спортом укрепляют здоровье и закаляют силу воли.,Russian
Университет проводит всероссийскую олимпиаду по программированию и математике.,Russian
Настоящая дружба проверяется временем и готовностью прийти на помощь.,Russian
Данный программный продукт отличается удобным интерфейсом и надежностью.,Russian
Летом мы всей семьей планируем отправиться в путешествие на машине.,Russian
Настойчивость и трудолюбие обязательно приведут к поставленной цели.,Russian
Чистая пресная вода является бесценным природным ресурсом человечества.,Russian
Развитие возобновляемых источников энергии имеет стратегическое значение.,Russian
"Желаю вам прекрасного дня, творческого вдохновения и отличного настроения.",Russian
"Русский язык богат выразительными средствами, метафорами и пословицами.",Russian
Международный шахматный турнир собрал сильнейших гроссмейстеров современности.,Russian
Мы заглянули в уютную книжную лавку на тихой пешеходной улице.,Russian
Справедливость и взаимоуважение лежат в основе гармоничного общества.,Russian
Искусственный интеллект становится надежным помощником врача и инженера.,Russian
Стремление к знаниям делает человеческую жизнь осмысленной и богатой.,Russian
مرحبا، كيف حالك اليوم؟ أتمنى أن تكون بأفضل حال.,Arabic
الطقس اليوم معتدل ومشمس في معظم مناطق المدينة الجميلة.,Arabic
أحب قراءة كتب الأدب العربي القديم والمعاصر والقصائد الشعرية.,Arabic
تشهد معالجة اللغات الطبيعية تطورا كبيرا بفضل خوارزميات التعلم الآلي.,Arabic
هل يمكنك من فضلك أن تدلني على الطريق المؤدي إلى محطة القطار؟,Arabic
سوف نجتمع مساء اليوم مع أفراد العائلة والأصدقاء لتناول العشاء.,Arabic
العلم والتعليم هما الركيزتان الأساسيتان لنهضة الأمم وتقدم الشعوب.,Arabic
البتراء والأهرامات من أعظم المعالم التاريخية التي تشهد على حضارات عريقة.,Arabic
يقدم هذا الكتاب دراسة تحليلية معمقة في تاريخ الفلسفة والعلوم.,Arabic
يرجى ملء هذه الاستمارة بالمعلومات المطلوبة والتوقيع في أسفل الصفحة.,Arabic
اللغة العربية هي لغة القرآن الكريم وتتميز بفصاحتها وبلاغتها العالية.,Arabic
يساعد التعلم الآلي أجهزة الحاسوب على فهم البيانات واستخراج الأنماط منها.,Arabic
إدارة الوقت بشكل فعال تساعد الإنسان على تحقيق أهدافه بنجاح.,Arabic
أصبحت التكنولوجيا الرقمية جزءا لا يتجزأ من حياتنا اليومية وأعمالنا.,Arabic
أستمتع بالسير في الصباح الباكر واستنشاق الهواء النقي العليل.,Arabic
سينطلق القطار السريع في تمام الساعة التاسعة صباحا من الرصيف الثاني.,Arabic
يحتفل الناس بالأعياد والمناسبات السعيدة بتبادل التهاني والزيارات العائلية.,Arabic
الحفاظ على الصحة يبدأ باتباع نظام غذائي متوازن وممارسة الرياضة بانتظام.,Arabic
نحن نعمل حاليا على إعداد العرض التقديمي للاجتماع الأسبوعي القادم.,Arabic
نهر النيل هو شريان الحياة الرئيسي الذي يمر عبر عدة دول أفريقية.,Arabic
هل اطلعت على الأخبار والتقارير المنشورة في الجريدة اليومية الصباحية؟,Arabic
نجيب محفوظ هو أول كاتب عربي يحصل على جائزة نوبل في الأدب.,Arabic
حماية البيئة الطبيعية ومواردها المائية مسؤولية مشتركة بين الجميع.,Arabic
تتميز المدن التاريخية بأسواقها التقليدية وهندستها المعمارية الفريدة.,Arabic
أفضل تناول فنجان من القهوة العربية مع بضع حبات من التمر صباحا.,Arabic
يتطلب البحث العلمي الجاد صبرا ودقة والتزاما بالمعايير الأخلاقية.,Arabic
تشرق الشمس الذهبية من جهة الشرق وتغيب وراء الأفق في الغرب.,Arabic
يتميز المطبخ العربي بأطباقه الشهية والمتنوعة الغنية بالتوابل العطرية.,Arabic
العمل الجماعي والتعاون المثمر هما مفتاح النجاح لأي مؤسسة متميزة.,Arabic
يرجى التزام الهدوء التام داخل قاعات القراءة والاطلاع في المكتبة العامة.,Arabic
قدم العلماء العرب والمسلمون إسهامات جليلة في الرياضيات والطب والفلك.,Arabic
شكرا جزيلا لك على حسن تعاونك ومساعدتك القيمة التي قدمتها لي.,Arabic
الموسيقى الشرقية الأصيلة تلامس الوجدان بألحانها الشجية والمؤثرة.,Arabic
قلعة صلاح الدين الأيوبي تعكس مهارة فائقة في العمارة العسكرية القديمة.,Arabic
هل ترغب في مرافقتي لزيارة المعرض الفني الدولي في عطلة نهاية الأسبوع؟,Arabic
تساعد الأنشطة البدنية اليومية على تجديد النشاط وتصفية الذهن.,Arabic
نظمت الجامعة مؤتمرا دوليا حول تطبيقات الذكاء الاصطناعي في التعليم.,Arabic
الصداقة الحقيقية كنز لا يفنى وتزداد بريقا مع مرور السنين.,Arabic
يتميز هذا التطبيق الإلكتروني بواجهة استخدام سهلة وسريعة الاستجابة.,Arabic
نخطط لقضاء العطلة الصيفية القادمة في إحدى المدن الساحلية الرائعة.,Arabic
الإصرار والمثابرة هما السبيل الوحيد لتحقيق الأحلام والوصول إلى القمة.,Arabic
الماء عصب الحياة ويجب ترشيد استهلاكه للمحافظة عليه للأجيال القادمة.,Arabic
يعد الاعتماد على الطاقة الشمسية خطوة رائدة نحو التنمية المستدامة.,Arabic
أتمنى لك يوما مباركا مليئا بالتوفيق والنجاح في كل مساعيك.,Arabic
تضم المعاجم العربية ملايين المفردات والاشتقاقات اللغوية البديعة.,Arabic
شاركت في المهرجان الثقافي العديد من الفرق الفنية والشعبية المرموقة.,Arabic
توقفنا عند مقهى تراثي جميل يطل على ساحة المدينة القديمة.,Arabic
العدل والمساواة بين الناس هما أساس الملك واستقرار المجتمعات الإنسانية.,Arabic
تساعد النماذج اللغوية الحديثة في ترجمة النصوص بدقة وسلاسة غير مسبوقة.,Arabic
القراءة المستمرة تفتح أمام العقل آفاقا واسعة من المعرفة والحكمة.,Arabic
你好，今天天气怎么样？希望你度过愉快的一天。,Chinese
今天早晨阳光明媚，微风拂面，让人感到十分舒适。,Chinese
我非常喜欢阅读中国古典文学名著，例如红楼梦和三国演义。,Chinese
自然语言处理和深度学习在近年来取得了令人瞩目的突破。,Chinese
请问您能告诉我前往最近的高铁站应该怎么走吗？,Chinese
今天晚上我们打算和几位好朋友一起聚餐聊天。,Chinese
教育和知识是推动社会进步与科技发展的强大基石。,Chinese
万里长城和故宫博物院是中华五千年悠久文明的象征。,Chinese
这本书深入浅出地讲解了人工智能和机器学习的基本原理。,Chinese
请您认真核对表格中的个人信息，并在右下角签字确认。,Chinese
中国拥有辽阔的地理疆域和极其丰富多彩的地方文化特色。,Chinese
机器学习算法可以从海量数据中自动提取高价值的特征信息。,Chinese
合理规划个人时间能够有效提高工作效率，减轻生活压力。,Chinese
现代数字通信技术已经深刻地改变了人类社会的连接方式。,Chinese
我喜欢在清晨去公园跑步，呼吸大自然清新纯净的空气。,Chinese
高速铁路列车正按照运行时刻表准时驶入北京南站站台。,Chinese
春节是中国最重要的传统节日，家家户户张灯结彩喜迎新年。,Chinese
保持营养均衡的饮食习惯和适量运动对身体健康大有裨益。,Chinese
我们团队正在全力以赴为明天重要的技术汇报做最后准备。,Chinese
长江与黄河是中华民族的母亲河，滋养着两岸广袤的土地。,Chinese
你刚才在手机上浏览今天早间发布的最新新闻要闻了吗？,Chinese
唐诗宋词在中国文学史上留下了不可磨灭的辉煌篇章。,Chinese
保护生态环境是功在当代、利在千秋的崇高事业与责任。,Chinese
古色古香的江南水乡小镇每年吸引了数以万计的中外游客。,Chinese
早餐的时候我喜欢喝一杯热豆浆，配上刚出锅的小笼包。,Chinese
严谨的科学探索需要研究人员保持持之以恒的求真务实精神。,Chinese
太阳从遥远的东方冉冉升起，傍晚又在西方群山后悄然隐没。,Chinese
中华饮食文化博大精深，川菜、粤菜和鲁菜各有千秋风味独特。,Chinese
团结协作与团队精神是完成大型软件工程项目的核心保障。,Chinese
在图书馆阅览室学习期间，请自觉关闭手机提示音保持安静。,Chinese
中国古代四大发明对人类文明的发展进程产生了极其深远的影响。,Chinese
非常感谢您在项目开发关键阶段给予我们的热情帮助与指导。,Chinese
古典民乐古筝与琵琶的演奏旋律悠扬动听，令人陶醉其中。,Chinese
苏州古典园林精巧绝伦的造园艺术被联合国列入世界文化遗产。,Chinese
这个周末你愿意和我一起去市科技馆参观人工智能展览吗？,Chinese
每天坚持进行有氧锻炼不仅能增强体质，还能有效舒缓心理压力。,Chinese
著名大学昨天顺利举办了第十届全国大学生程序设计竞赛活动。,Chinese
真挚而纯洁的友谊是人生旅途中弥足珍贵的宝藏和坚强依靠。,Chinese
这款手机软件的界面设计非常直观优雅，交互操作十分流畅。,Chinese
今年夏天我们全家计划乘坐邮轮前往美丽的滨海海岛度假游玩。,Chinese
脚踏实地与持之以恒是攀登科学技术高峰不可或缺的重要品质。,Chinese
水资源是生命赖以生存的源泉，节约用水是每个人的神圣义务。,Chinese
大力开发和利用清洁太阳能与风能是实现碳中和目标的必由之路。,Chinese
祝愿您在新的一周里工作进展顺利，万事如意，笑口常开。,Chinese
汉语拥有丰富典雅的成语和典故，凝聚着古人博大精深的智慧。,Chinese
国际电影节展映单元为广大观众奉献了多部高质量的优秀佳作。,Chinese
我们在闹市街角发现了一家极具文青情调的书吧和咖啡馆。,Chinese
公平正义与依法治国是建设现代文明法治社会的坚固支柱。,Chinese
神经网络模型在大规模图像识别任务中展现出了极高的准确度。,Chinese
永远对世界保持探索新知的求知欲，人生就会不断收获精彩。,Chinese
こんにちは、お元気ですか？今日も良い一日をお過ごしください。,Japanese
今朝の東京はとても爽やかな青空が広がり、心地よい風が吹いています。,Japanese
私は夏目漱石や芥川龍之介の近代日本文学を愛読しています。,Japanese
自然言語処理技術の急速な発展により、翻訳の精度が飛躍的に向上しました。,Japanese
すみません、最寄りの地下鉄の駅へ行く道を教えていただけますか？,Japanese
今夜は仕事帰りに同僚と一緒に居酒屋で夕食を食べる予定です。,Japanese
教育と生涯学習は、より豊かな人生を築くための大切な基盤です。,Japanese
富士山の美しい姿と四季折々の桜は、日本の象徴として親しまれています。,Japanese
この専門書は人工知能と統計学の基礎を分かりやすく解説しています。,Japanese
こちらの書類に必要事項をご記入の上、最後に印鑑を押してください。,Japanese
日本は豊かな伝統文化と最先端の科学技術が調和する国です。,Japanese
機械学習アルゴリズムは、膨大なデータから隠れた傾向を導き出します。,Japanese
スケジュールを適切に管理することは、業務効率の向上につながります。,Japanese
デジタル化の進展により、場所を選ばない働き方が可能になりました。,Japanese
休日の朝に緑豊かな公園をゆっくり散歩するのが私の楽しみです。,Japanese
東海道新幹線は時刻表通り正確に東京駅のホームへ到着いたします。,Japanese
京都の古い寺社仏閣や日本庭園は、国内外の観光客を魅了しています。,Japanese
健康を維持するためには、栄養バランスの取れた和食がおすすめです。,Japanese
明日の重要なプロジェクト会議に向けて、プレゼン資料を準備しています。,Japanese
日本の美しい四季の移り変わりは、豊かな感性と文化を育んできました。,Japanese
今朝の新聞の一面に掲載された最新の経済ニュースを読みましたか？,Japanese
古典的な能や歌舞伎は、何百年もの伝統を受け継ぐ伝統芸能です。,Japanese
自然環境の保護と省エネルギーの推進は、地球市民としての責任です。,Japanese
温泉旅館で過ごす時間は、日々の忙しさを忘れさせてくれる癒やしです。,Japanese
朝食には温かいご飯と味噌汁、焼き魚を食べるのが習慣になっています。,Japanese
科学技術の研究開発には、粘り強い探究心と確固たる検証が必要です。,Japanese
太陽は東の空から昇り、夕方になると西の山並みに沈んでいきます。,Japanese
寿司や天ぷら、ラーメンなど多彩な日本食は世界中で大人気です。,Japanese
チームワークと思いやりを大切にすることで、大きな目標を達成できます。,Japanese
図書館の閲覧室内では、他の方のご迷惑にならないよう静かにしてください。,Japanese
日本のものづくり精神は、細部へのこだわりと高い品質に表れています。,Japanese
いつも温かいご支援とお力添えをいただき、心より感謝申し上げます。,Japanese
美しいピアノの旋律は、疲れた心をやさしく解きほぐしてくれます。,Japanese
春になると満開の桜の木の下で、多くの人々が花見を楽しみます。,Japanese
今週末、新しくオープンした美術館の特別展を見に行きませんか？,Japanese
日々の適度な運動習慣は、心身の健康とストレス解消に欠かせません。,Japanese
大学の研究室で自然言語処理を用いた最新の感情分析を研究しています。,Japanese
互いを信頼し合える真の友人関係は、かけがえのない人生の宝物です。,Japanese
このウェブサイトはデザインが洗練されており、非常に使いやすいです。,Japanese
今年の夏休みは家族と一緒に北海道の大自然を満喫する計画です。,Japanese
一歩一歩の着実な努力の積み重ねが、やがて大きな成功をもたらします。,Japanese
水資源の保全は、地球上のあらゆる生命の未来を守るために不可欠です。,Japanese
クリーンエネルギーの導入拡大は、持続可能な社会の実現への第一歩です。,Japanese
あなたの今後のご活躍とご健康を心よりお祈り申し上げております。,Japanese
日本語には敬語や季節の挨拶など、相手を思いやる豊かな表現があります。,Japanese
国際映画祭で上映された新作アニメーション作品が高い評価を受けました。,Japanese
街角の静かな喫茶店で美味しい自家焙煎珈琲を味わいながら読書しました。,Japanese
個人の多様性を尊重し支え合う社会の実現が求められています。,Japanese
最新の大規模言語モデルは、プログラミングや要約を素早く支援します。,Japanese
常に学び続ける姿勢を持つことで、新たな可能性の扉が開かれます。,Japanese
"안녕하세요, 오늘 기분이 어떠세요? 좋은 하루 보내시길 바랍니다.",Korean
오늘 아침 서울 하늘은 매우 맑고 상쾌한 바람이 불어오고 있습니다.,Korean
저는 한국 현대 소설과 시를 감상하는 시간을 정말 좋아합니다.,Korean
자연어 처리와 인공지능 기술의 발전 속도는 매우 놀랍습니다.,Korean
"실례지만, 가장 가까운 지하철역으로 가려면 어느 쪽으로 가야 하나요?",Korean
오늘 저녁에는 오랜만에 친구들을 만나서 맛있는 식사를 할 예정입니다.,Korean
교육과 지속적인 자기 계발은 더 나은 미래를 여는 핵심 열쇠입니다.,Korean
제주도의 푸른 바다와 한라산의 경치는 언제 보아도 아름답습니다.,Korean
이 책은 데이터 과학과 머신러닝의 핵심 원리를 명확하게 설명합니다.,Korean
양식에 필요한 정보를 정확하게 기재하신 후 하단에 서명해 주십시오.,Korean
한국은 유구한 역사적 전통과 최첨단 정보통신 기술이 공존하는 나라입니다.,Korean
머신러닝 알고리즘은 대규모 데이터 속에서 유의미한 패턴을 찾아냅니다.,Korean
일정을 체계적으로 계획하면 업무 효율성을 극대화할 수 있습니다.,Korean
디지털 전환은 기업의 업무 방식과 비즈니스 모델을 완전히 바꾸고 있습니다.,Korean
주말 아침에 집 근처 공원에서 가볍게 산책하며 명상하는 것을 즐깁니다.,Korean
고속열차 KTX는 정해진 시간에 정확히 플랫폼에 도착할 예정입니다.,Korean
설날과 추석 명절에는 온 가족이 모여 정을 나누고 차례를 지냅니다.,Korean
규칙적인 운동과 균형 잡힌 식사는 건강을 유지하는 가장 좋은 방법입니다.,Korean
우리는 내일 있을 전략 기획 회의 준비에 최선을 다하고 있습니다.,Korean
한강 공원은 많은 시민들이 여가를 즐기고 휴식하는 명소입니다.,Korean
오늘 아침 주요 일간지에 실린 경제 및 IT 기사를 읽어보셨나요?,Korean
훈민정음은 세종대왕께서 백성을 사랑하는 마음으로 창제하신 과학적 문자입니다.,Korean
환경 보호와 탄소 배출 저감은 인류가 함께 해결해야 할 시급한 과제입니다.,Korean
경주의 유서 깊은 고분들과 유적지는 신라 천년의 역사를 증언합니다.,Korean
아침 식사로는 따뜻한 된장찌개와 갓 지은 밥을 먹는 것을 선호합니다.,Korean
학문 연구에는 끊임없는 호기심과 엄밀한 과학적 검증 과정이 요구됩니다.,Korean
태양은 동쪽 지평선에서 떠올라 저녁이 되면 서쪽 하늘로 집니다.,Korean
"김치와 불고기, 비빔밥 등 다채로운 한식은 세계인의 입맛을 사로잡았습니다.",Korean
팀원 간의 원활한 소통과 상호 존중은 프로젝트 성공의 든든한 디딤돌입니다.,Korean
도서관 열람실에서는 정숙을 유지하여 다른 이용자를 배려해 주시기 바랍니다.,Korean
한국의 반도체와 배터리 제조 기술은 전 세계 시장을 선도하고 있습니다.,Korean
귀하께서 베풀어 주신 따뜻한 도움과 격려에 깊은 감사의 말씀을 전합니다.,Korean
아름다운 가야금과 대금 소리는 한국 전통 음악의 깊은 멋을 전해줍니다.,Korean
봄이 오면 남쪽에서부터 벚꽃과 진달래가 화사하게 피어납니다.,Korean
이번 주말에 국립중앙박물관에 가서 특별 기획전을 관람하지 않으실래요?,Korean
매일 조금씩 실천하는 유산소 운동은 활기찬 일상을 유지하는 비결입니다.,Korean
국내 유수 대학에서 차세대 초거대 인공지능 모델 개발에 착수했습니다.,Korean
기쁠 때나 슬플 때나 변함없이 곁을 지켜주는 친구가 진정한 벗입니다.,Korean
이 모바일 어플리케이션은 사용자 인터페이스가 직관적이고 반응 속도가 빠릅니다.,Korean
이번 여름 휴가철에는 동해안의 한적한 해변으로 여행을 떠날 계획입니다.,Korean
실패를 두려워하지 않고 끊임없이 도전할 때 비로소 진정한 성장이 찾아옵니다.,Korean
맑고 깨끗한 물은 미래 세대를 위해 반드시 아끼고 보존해야 할 생명수입니다.,Korean
친환경 신재생에너지 투자는 미래 산업 경쟁력을 좌우하는 핵심 요소입니다.,Korean
오늘 하루도 보람차고 뜻깊은 일들로 가득한 시간 보내시기를 응원합니다.,Korean
한글은 자음과 모음의 조합으로 무수히 많은 소리를 완벽하게 표기합니다.,Korean
국제 영화제에서 한국 영화와 드라마가 세계적인 호평을 이어가고 있습니다.,Korean
골목길 아늑한 카페에서 향긋한 핸드드립 커피 한 잔의 여유를 즐겼습니다.,Korean
사회적 약자를 배려하고 공정한 기회를 보장하는 따뜻한 공동체가 필요합니다.,Korean
최신 딥러닝 기술을 접목하여 음성 인식의 오류율을 대폭 낮추었습니다.,Korean
새로운 지식을 배우고 탐구하는 즐거움은 삶을 더욱 풍요롭게 만들어 줍니다.,Korean
"Hallo, hoe gaat het vandaag met je? Ik hoop dat je een fijne dag hebt.",Dutch
Het weer in Nederland is vanmorgen zonnig met een frisse noordenwind.,Dutch
Ik lees heel graag hedendaagse Nederlandse literatuur en historische romans.,Dutch
Natuurlijke taalverwerking maakt grote sprongen dankzij moderne algoritmen.,Dutch
Kunt u mij alstublieft de weg wijzen naar het dichtstbijzijnde treinstation?,Dutch
Vanavond gaan we gezellig met vrienden eten in een fijn restaurant.,Dutch
Onderwijs en wetenschappelijk onderzoek vormen de basis van onze welvaart.,Dutch
De windmolens van Kinderdijk en de grachten van Amsterdam zijn wereldberoemd.,Dutch
Dit boek biedt een heldere en praktische introductie tot kunstmatige intelligentie.,Dutch
Vul alstublieft dit formulier zorgvuldig in en onderteken het onderaan.,Dutch
"Nederland staat bekend om zijn waterbeheer, innovatieve landbouw en tulpen.",Dutch
Machinaal leren stelt computers in staat om complexe patronen te ontdekken.,Dutch
Een goede tijdsplanning helpt om stress te verminderen en overzicht te bewaren.,Dutch
Digitale technologie verandert de manier waarop we samenwerken en communiceren.,Dutch
Ik geniet enorm van een ochtendwandeling door het duinlandschap aan zee.,Dutch
De intercity naar Utrecht Centraal vertrekt stipt op tijd van spoor vier.,Dutch
Koningsdag wordt in het hele land uitbundig gevierd met muziek en vrijmarkten.,Dutch
Gezonde voeding en dagelijkse beweging zijn essentieel voor een fit lichaam.,Dutch
We bereiden de presentatie voor de vergadering van morgen grondig voor.,Dutch
Het IJsselmeer en de Waddenzee zijn unieke natuurgebieden in Noord-Europa.,Dutch
Heb je vanochtend het hoofdartikel in de krant over de economie gelezen?,Dutch
Vincent van Gogh en Rembrandt van Rijn behoren tot de grootste schilders aller tijden.,Dutch
Klimaatadaptatie en waterveiligheid zijn van levensbelang voor ons lage land.,Dutch
De historische panden langs de Herengracht getuigen van de Gouden Eeuw.,Dutch
Ik drink 's ochtends graag een kop verse filterkoffie met een stroopwafel.,Dutch
"Academisch onderzoek vereist kritisch denken, geduld en wetenschappelijke integriteit.",Dutch
De zon komt op in het oosten en gaat 's avonds onder in het westen.,Dutch
De Nederlandse kaastraditie van Gouda en Edam is internationaal befaamd.,Dutch
Samenwerking en open overleg leiden tot de beste en meest duurzame oplossingen.,Dutch
Wij verzoeken u vriendelijk om stilte te bewaren in de bibliotheek.,Dutch
Fietsen is in Nederland de populairste manier om je snel door de stad te verplaatsen.,Dutch
Hartelijk dank voor uw vriendelijke hulp en deskundige toelichting.,Dutch
Klassieke muziek van Nederlandse componisten wordt wereldwijd gewaardeerd.,Dutch
De Keukenhof trekt elk voorjaar honderdduizenden bezoekers van over de hele wereld.,Dutch
Zou je het leuk vinden om vanmiddag samen naar het Rijksmuseum te gaan?,Dutch
Regelmatig fietsen in de frisse buitenlucht geeft nieuwe energie en vitaliteit.,Dutch
De technische universiteit organiseert een symposium over duurzame energietechniek.,Dutch
Echte vriendschap is gebaseerd op wederzijds respect en onvoorwaardelijk vertrouwen.,Dutch
"Deze webapplicatie heeft een overzichtelijke, intuïtieve en responsieve interface.",Dutch
Komende zomer zijn we van plan om op vakantie te gaan naar de Zeeuwse kust.,Dutch
Met doorzettingsvermogen en enthousiasme kun je elk ambitieus doel bereiken.,Dutch
Schoon drinkwater is een kostbaar goed waar we zuinig mee om moeten gaan.,Dutch
Windenergie op de Noordzee speelt een sleutelrol in de overgang naar groene stroom.,Dutch
Ik wens je een hele prettige dag toe met veel succes bij al je plannen.,Dutch
De Nederlandse taal deelt veel historische wortels met het Duits en het Engels.,Dutch
Het internationale filmfestival in Rotterdam toont grensverleggende bioscoopfilms.,Dutch
We hebben vanmiddag geluncht bij een gezellig eetcafé aan de gracht.,Dutch
Democratische waarden en individuele vrijheid moeten we zorgvuldig koesteren.,Dutch
Geavanceerde computermodellen helpen meteorologen bij het voorspellen van stormen.,Dutch
Blijf altijd nieuwsgierig naar nieuwe inzichten en perspectieven in het leven.,Dutch
"Merhaba, bugün nasılsın? Umarım her şey yolunda ve harikadır.",Turkish
"Bugün İstanbul'da hava oldukça açık, güneşli ve çok ferahlatıcı.",Turkish
Türk edebiyatının usta yazarlarının romanlarını ve şiirlerini okumayı çok seviyorum.,Turkish
Doğal dil işleme teknolojileri son yıllarda büyük bir ivme kazandı.,Turkish
"Affedersiniz, en yakın metro istasyonuna nasıl gidebileceğimi söyler misiniz?",Turkish
Bu akşam eski dostlarla birlikte Boğaz kenarında keyifli bir akşam yemeği yiyeceğiz.,Turkish
"Eğitim ve bilim, toplumların kalkınmasında ve ilerlemesinde en önemli güçtür.",Turkish
Kapadokya'nın peri bacaları ve sıcak hava balonları büyüleyici bir manzara sunuyor.,Turkish
Bu kitap yapay zekâ ve veri analitiği konularında kapsamlı bilgiler içeriyor.,Turkish
Lütfen bu başvuru formunu dikkatlice doldurunuz ve alt kısmını imzalayınız.,Turkish
"Türkiye, Asya ile Avrupa kıtalarını birbirine bağlayan köklü bir tarihe sahiptir.",Turkish
Makine öğrenmesi modelleri büyük veri kümelerindeki gizli örüntüleri çözer.,Turkish
Günlük zamanı planlı ve disiplinli kullanmak iş hayatında başarıyı getirir.,Turkish
Dijital dönüşüm sayesinde iş süreçleri çok daha hızlı ve verimli hale geldi.,Turkish
Sabahın erken saatlerinde sahil boyunca tempolu yürüyüş yapmaktan büyük keyif alırım.,Turkish
Hızlı tren Ankara'dan hareket ederek tam vaktinde istasyona ulaşacaktır.,Turkish
Geleneksel bayramlar aile fertlerini bir araya getiren sevgi dolu günlerdir.,Turkish
Sağlıklı beslenme ve düzenli egzersiz zinde bir yaşam için vazgeçilmezdir.,Turkish
Yarın sabah yönetim kuruluna sunacağımız sunumun son kontrollerini yapıyoruz.,Turkish
Ege ve Akdeniz sahilleri turkuaz denizi ve doğal güzellikleriyle ünlüdür.,Turkish
Günün ilk saatlerinde yayımlanan güncel ekonomi ve teknoloji haberlerini okudun mu?,Turkish
Nazım Hikmet ve Yaşar Kemal dünya edebiyatında iz bırakmış büyük ustalardır.,Turkish
Çevremizi korumak ve ormanları yaşatmak gelecek nesillere olan en büyük borcumuzdur.,Turkish
Tarihi Osmanlı konakları ve taş sokaklar geçmişin ruhunu günümüze taşır.,Turkish
Sabah kahvaltısında taze demlenmiş bir bardak çay ve simit vazgeçilmezimdir.,Turkish
"Bilimsel araştırmalar sabır, titizlik ve yüksek bir etik sorumluluk gerektirir.",Turkish
"Güneş doğudan doğar, gün boyunca gökyüzünde parlar ve batıdan batar.",Turkish
Geleneksel Türk mutfağının zengin zeytinyağlıları ve kebapları dünyaca meşhurdur.,Turkish
Ekip halinde dayanışma içinde çalışmak zorlu hedeflere ulaşmayı kolaylaştırır.,Turkish
Kütüphane okuma salonlarında lütfen sessizliği korumaya özen gösteriniz.,Turkish
Anadolu toprakları yüzyıllar boyunca pek çok büyük medeniyete ev sahipliği yapmıştır.,Turkish
Göstermiş olduğunuz samimi ilgi ve değerli yardımlarınız için çok teşekkür ederim.,Turkish
Geleneksel Türk sanat müziği ve halk türküleri derin bir duygu zenginliği taşır.,Turkish
Ayasofya ve Sultanahmet Camii mimari zarafetleriyle dünyanın hayranlığını kazanmıştır.,Turkish
Bu hafta sonu çağdaş sanatlar müzesindeki yeni sergiyi birlikte gezmek ister misin?,Turkish
Temiz havada yapılan açık alan sporları vücuda enerji ve canlılık katar.,Turkish
Teknik üniversite bünyesinde yapay zekâ temalı uluslararası bir sempozyum düzenlendi.,Turkish
Gerçek dostluk insan hayatının en kıymetli ve güven veren sığınağıdır.,Turkish
"Bu mobil uygulamanın tasarımı son derece modern, hızlı ve kullanıcı dostudur.",Turkish
Yaz tatilinde Karadeniz'in yemyeşil yaylalarına doğru bir gezi planlıyoruz.,Turkish
Azim ve kararlılıkla çalışıldığında aşılamayacak hiçbir engel yoktur.,Turkish
Temiz su kaynaklarımızı israf etmemek ve korumak hayati bir zorunluluktur.,Turkish
Güneş ve rüzgâr gibi yenilenebilir enerji kaynakları geleceğin teminatıdır.,Turkish
"Gününüzün neşe, huzur, sağlık ve başarı dolu geçmesini dilerim.",Turkish
"Türkçe, zengin ek yapısı ve ahenkli ses uyumlarıyla son derece mantıklı bir dildir.",Turkish
Uluslararası film festivalinde gösterilen Türk filmleri önemli ödüller kazandı.,Turkish
Tarihi çarşıdaki küçük kahvehanede közde pişmiş bir fincan Türk kahvesi içtik.,Turkish
Hukukun üstünlüğü ve adalet duygusu barışçıl bir toplumun en sağlam temelidir.,Turkish
Doğal dil işleme algoritmaları müşteri yorumlarını otomatik olarak analiz edebiliyor.,Turkish
Her gün yeni bir bilgi öğrenmek zihni açar ve insana yepyeni ufuklar kazandırır.,Turkish
Good morning everyone! How is your day going so far?,English
"I love programming in Python, TypeScript, and Rust.",English
Could you tell me what the weather forecast looks like?,English
Thank you so much for helping me solve this difficult problem.,English
Where can I find the nearest grocery store around here?,English
She loves listening to jazz music while working on her laptop.,English
We are organizing a hackathon for artificial intelligence projects.,English
Have a great weekend and enjoy your time off!,English
Learning a new language opens up doors to different cultures.,English
The server responded with a status code of two hundred OK.,English
Can you send me the link to the GitHub repository?,English
It was a pleasure speaking with you earlier this afternoon.,English
Let me know if you need any assistance with the installation.,English
The project deadline has been moved to next Friday.,English
Enjoy your meal and have a wonderful evening with your friends.,English
"नमस्ते, आपका स्वागत है! आप क्या लेना पसंद करेंगे?",Hindi
आज बहुत तेज धूप है और हवा भी गर्म लग रही है।,Hindi
कृपया मुझे बताएं कि इस सवाल का सही उत्तर क्या है?,Hindi
"आपका बहुत-बहुत धन्यवाद, मुझे आपकी सहायता से बहुत लाभ हुआ।",Hindi
मुझे हिंदी भाषा में बातचीत करना बहुत अच्छा लगता है।,Hindi
हम सभी मिलकर इस समस्या का कोई अच्छा समाधान निकालेंगे।,Hindi
कल की परीक्षा की तैयारी के लिए मैं देर रात तक पढ़ रहा था।,Hindi
क्या आपके पास इस विषय से संबंधित कोई अच्छी पुस्तक है?,Hindi
सच्चे मित्र हमेशा सुख और दुख में साथ खड़े रहते हैं।,Hindi
सब्जी मंडी से ताजे फल और सब्जियां लेकर आना मत भूलना।,Hindi
"आपकी यात्रा सुखद और सुरक्षित रहे, ऐसी मेरी ईश्वर से प्रार्थना है।",Hindi
यह गाना सुनकर मुझे अपने पुराने दिनों की याद आ गई।,Hindi
"समय किसी की प्रतीक्षा नहीं करता, इसलिए हर पल मूल्यवान है।",Hindi
आज शाम को चाय के साथ समोसे खाने का मजा ही कुछ और है।,Hindi
"शुभ रात्रि, आशा है कि कल का दिन आपके लिए मंगलमय होगा।",Hindi
"नमस्कार, तुमचे मनःपूर्वक स्वागत आहे! काय घेणार तुम्ही?",Marathi
आज खूपच छान गार वारा सुटला आहे आणि वातावरण आल्हाददायक आहे.,Marathi
कृपया मला सांगा की या प्रश्नाचे योग्य उत्तर काय असू शकते?,Marathi
तुमच्या बहुमूल्य सहकार्याबद्दल मनापासून खूप खूप धन्यवाद.,Marathi
मला मराठीतून संवाद साधायला आणि बोलायला खूप अभिमान वाटतो.,Marathi
आपण सर्व एकत्र येऊन या अडचणीवर नक्कीच मात करू शकतो.,Marathi
उद्याच्या परीक्षेचा सराव करण्यासाठी मी दिवसभर अभ्यास करत होतो.,Marathi
तुमच्याकडे या विषयावरील काही दर्जेदार पुस्तके उपलब्ध आहेत का?,Marathi
"खरे मित्र संकटाच्या काळात कधीही पाठ फिरवत नाहीत, नेहमी सोबत असतात.",Marathi
बाजारातून ताजी भाजी आणि फळे घेऊन यायला विसरू नका.,Marathi
"तुमचा प्रवास सुखकर आणि सुरक्षित होवो, हीच सदिच्छा.",Marathi
हे सुरेल गाणे ऐकून जुन्या गोड आठवणी ताज्या झाल्या.,Marathi
"वेळ कोणासाठीही थांबत नाही, म्हणून वेळेचा सदुपयोग करा.",Marathi
संध्याकाळी गरमागरम कांदा भजी आणि चहा म्हणजे निखळ आनंद.,Marathi
"शुभ रात्री, उद्याचा दिवस तुमच्यासाठी सुखसमृद्धीचा जावो.",Marathi
Bonjour à tous! Comment se passe votre journée jusqu'ici?,French
J'adore programmer en Python et développer des applications web modernes.,French
Pourriez-vous me dire quelles sont les prévisions météorologiques pour demain?,French
Merci beaucoup pour votre soutien précieux tout au long de ce projet.,French
Où puis-je trouver une bonne boulangerie artisanale dans ce quartier?,French
Elle écoute de la musique classique tout en écrivant sa thèse.,French
Nous organisons un atelier consacré à l'intelligence artificielle appliquée.,French
Passez un excellent week-end et profitez bien de votre temps libre!,French
Apprendre une langue étrangère permet de mieux comprendre d'autres cultures.,French
Le serveur a répondu rapidement avec un code deux cents sans aucune erreur.,French
Pouvez-vous m'envoyer le lien vers le dépôt GitHub du projet?,French
C'était un réel plaisir d'échanger avec vous cet après-midi.,French
Faites-moi savoir si vous avez besoin d'aide pour la mise en route.,French
La date limite de livraison a été reportée à vendredi prochain.,French
Bon appétit et passez une agréable soirée en famille ou entre amis.,French
Guten Morgen allerseits! Wie läuft Ihr Arbeitstag bisher?,German
Ich programmiere mit großer Begeisterung in Python und modernen Webtechnologien.,German
"Könnten Sie mir sagen, wie die Wettervorhersage für das Wochenende aussieht?",German
Vielen herzlichen Dank für Ihre wertvolle Unterstützung bei dieser Aufgabe.,German
Wo befindet sich hier in der Nähe der nächste Supermarkt?,German
Sie hört gerne instrumentale Klaviermusik während der konzentrierten Arbeit.,German
Wir organisieren einen ganztägigen Hackathon zum Thema Maschinelles Lernen.,German
Schönes Wochenende und erholen Sie sich gut von der anstrengenden Woche!,German
Das Erlernen einer neuen Sprache erweitert den geistigen Horizont enorm.,German
Die Schnittstelle lieferte eine erfolgreiche Statusmeldung ohne Verzögerung.,German
Könnten Sie mir bitte den Link zum GitHub-Repository weiterleiten?,German
"Es war mir eine große Freude, heute mit Ihnen zu sprechen.",German
"Geben Sie mir einfach Bescheid, falls Sie Hilfe bei der Installation benötigen.",German
Die Abgabefrist für das Projekt wurde auf kommenden Freitag verschoben.,German
"Guten Appetit und einen wunderschönen, entspannten Abend im Kreise Ihrer Lieben.",German
¡Buenos días a todos! ¿Cómo va su jornada hasta el momento?,Spanish
"Me apasiona programar en Python, JavaScript y tecnologías de ciencia de datos.",Spanish
¿Podrías decirme qué pronóstico del tiempo tenemos para mañana?,Spanish
Muchísimas gracias por ayudarme a resolver este problema tan complejo.,Spanish
¿Dónde puedo encontrar un supermercado o tienda de abarrotes cerca de aquí?,Spanish
A ella le encanta escuchar música acústica mientras trabaja en su ordenador.,Spanish
Estamos organizando un hackatón enfocado en aplicaciones de inteligencia artificial.,Spanish
¡Que tengas un excelente fin de semana y disfrutes de tu descanso!,Spanish
Aprender un nuevo idioma te abre las puertas a fascinantes culturas del mundo.,Spanish
El servidor web respondió exitosamente con un código de estado doscientos.,Spanish
¿Serías tan amable de compartirme el enlace del repositorio en GitHub?,Spanish
Fue un verdadero placer conversar con usted durante la sesión de hoy.,Spanish
Avísame si necesitas cualquier tipo de orientación durante la configuración.,Spanish
La fecha límite de entrega se pospuso para el próximo viernes por la tarde.,Spanish
¡Buen provecho y que pases una velada inolvidable junto a tus seres queridos!,Spanish
Buongiorno a tutti! Come sta procedendo la vostra giornata finora?,Italian
Mi piace moltissimo programmare in Python e costruire architetture dati scalabili.,Italian
Potresti dirmi quali sono le previsioni del tempo per questo fine settimana?,Italian
Grazie mille per avermi aiutato a trovare la soluzione a questo enigma.,Italian
"Scusi, dove posso trovare una buona farmacia o un negozio qui nei paraggi?",Italian
Adora ascoltare brani jazz strumentali mentre scrive il suo nuovo articolo.,Italian
Stiamo pianificando una giornata di studio dedicata alle reti neurali artificiali.,Italian
Buon fine settimana e goditi un meritato riposo in totale tranquillità!,Italian
Imparare una nuova lingua permette di entrare in empatia con popoli diversi.,Italian
La risposta del server è arrivata immediatamente con codice di stato duecento.,Italian
Potresti per cortesia inviarmi il collegamento al repository su GitHub?,Italian
È stato davvero un piacere poter parlare e confrontarmi con te oggi.,Italian
Fammi sapere qualora dovessi riscontrare qualunque problema con l'installazione.,Italian
La scadenza per la consegna della documentazione è stata fissata a venerdì.,Italian
Buon appetito e trascorri una piacevolissima serata in ottima compagnia.,Italian
Bom dia a todos! Como está sendo o dia de vocês até agora?,Portuguese
Tenho grande paixão por programar em Python e construir sistemas inteligentes.,Portuguese
Você saberia me informar qual é a previsão do tempo para os próximos dias?,Portuguese
Muito obrigado por toda a colaboração e apoio que você me ofereceu hoje.,Portuguese
Onde fica a padaria ou mercearia mais próxima aqui deste bairro?,Portuguese
Ela gosta de trabalhar ouvindo músicas calmas e instrumentais nos fones.,Portuguese
Estamos montando uma maratona de programação voltada para inovação e tecnologia.,Portuguese
Tenha um excelente fim de semana e recarregue todas as suas energias!,Portuguese
Dominar um novo idioma conecta você diretamente com pessoas de todo o planeta.,Portuguese
A requisição ao servidor foi processada com sucesso retornando código duzentos.,Portuguese
Poderia me mandar o link para acessar o código no repositório do GitHub?,Portuguese
Foi uma enorme satisfação poder conversar e trocar ideias com você hoje.,Portuguese
Fique à vontade para me procurar caso encontre dificuldades no processo de setup.,Portuguese
O prazo final para submissão do trabalho acadêmico foi prorrogado para sexta.,Portuguese
Bom apetite e tenha uma noite tranquila e descansada ao lado dos seus.,Portuguese
Всем доброе утро! Как проходит ваш сегодняшний рабочий день?,Russian
"Мне очень нравится программировать на языках Python, Go и TypeScript.",Russian
"Не подскажете, какой прогноз погоды передают синоптики на завтра?",Russian
Огромное спасибо за вашу действенную помощь в решении этой сложной задачи.,Russian
"Подскажите, где поблизости находится ближайший продуктовый супермаркет?",Russian
Она любит слушать приятную инструментальную музыку во время работы за компьютером.,Russian
Мы готовимся к проведению хакатона по разработке моделей искусственного интеллекта.,Russian
"Желаю отличных выходных, хорошего отдыха и прекрасного восстановления сил!",Russian
Изучение нового иностранного языка дарит возможность взглянуть на мир по-новому.,Russian
Веб-сервер успешно обработал входящий запрос и вернул статус двести ОК.,Russian
Могли бы вы отправить мне прямую ссылку на данный репозиторий в GitHub?,Russian
Было очень приятно и продуктивно пообщаться с вами сегодня днем.,Russian
"Обязательно дайте знать, если вам потребуется помощь в установке библиотек.",Russian
Крайний срок завершения этапа разработки был перенесен на следующую пятницу.,Russian
"Приятного аппетита и проведите замечательный, теплый вечер в кругу близких людей.",Russian
صباح الخير جميعا! كيف تسير أموركم ومهامكم اليوم حتى الآن؟,Arabic
أستمتع كثيرا بالبرمجة بلغة بايثون وبناء تطبيقات تعلم الآلة المتقدمة.,Arabic
هل يمكنك إخباري كيف ستكون حالة الطقس المتوقعة ليوم غد؟,Arabic
شكرا جزيلا لك على مد يد العون والمساعدة في حل هذه المسألة الصعبة.,Arabic
أين يمكنني العثور على أقرب متجر للمواد الغذائية في هذا الحي؟,Arabic
تحب الاستماع إلى الموسيقى الهادئة أثناء القراءة والعمل على حاسوبها.,Arabic
نحن نعمل على تنظيم مسابقة برمجية في مجال الذكاء الاصطناعي التوليدي.,Arabic
أتمنى لك عطلة نهاية أسبوع سعيدة وممتعة تقضيها في راحة وهدوء تام!,Arabic
تعلم لغة جديدة يفتح أمامك آفاقا واسعة للتواصل مع مختلف الحضارات والشعوب.,Arabic
استجاب الخادم للطلب المرسل بنجاح تام مع رمز الحالة مئتين دون أي خطأ.,Arabic
هل يمكنك من فضلك إرسال الرابط الخاص بمستودع المشروع على منصة جيت هاب؟,Arabic
لقد كان من دواعي سروري التحدث معك وتبادل الأفكار الملهمة اليوم.,Arabic
يرجى إعلامي فورا إذا كنت بحاجة إلى أي مساعدة أثناء عملية التثبيت.,Arabic
تم تمديد الموعد النهائي لتسليم متطلبات المشروع إلى يوم الجمعة القادم.,Arabic
بالهناء والشفاء، وأتمنى لك قضاء أمسية ممتعة وسعيدة برفقة عائلتك الكريمة.,Arabic
大家早上好！请问各位今天的工作和学习进展得顺利吗？,Chinese
我非常热爱使用Python和主流前端框架开发实用高效的软件系统。,Chinese
你能帮我查一下气象部门对本周末天气情况的具体预测吗？,Chinese
非常感谢您悉心指导我攻克了这个困扰已久的技术难关。,Chinese
请问距离这里最近的大型生鲜超市或者便利店在哪个方向？,Chinese
在全神贯注撰写学术论文的时候，她喜欢戴上耳机听一些轻音乐。,Chinese
我们团队下个月计划组织一场面向青年开发者的人工智能极客马拉松。,Chinese
祝愿大家度过一个愉快充实、身心放松的周末美好时光！,Chinese
掌握一门全新的外语能让我们更深入地领略世界多元文化的魅力。,Chinese
后端服务器迅速响应了客户端请求，并返回了状态码二百成功标志。,Chinese
能否麻烦您把这个开源项目在GitHub上的仓库代码链接发给我一份？,Chinese
今天下午能有机会与您深入交流探讨，我感到非常荣幸与高兴。,Chinese
在后续的环境配置与服务部署过程中，如有任何疑问请随时与我联系。,Chinese
该项目第一阶段的交付截止日期已经统一部署顺延至下周五下午。,Chinese
祝您用餐愉快，愿您与家人朋友共度一个温馨宁静的美好夜晚。,Chinese
皆さんおはようございます！本日の調子や進捗はいかがですか？,Japanese
私はPythonを用いた機械学習モデルの構築と開発がとても好きです。,Japanese
明日の天気予報や降水確率がどうなっているか教えていただけますか？,Japanese
この難しい技術的課題の解決に親身になってご協力いただき感謝いたします。,Japanese
すみません、この近所に品揃えの良いスーパーやコンビニはありますか？,Japanese
彼女はノートパソコンで執筆作業をしながら静かなピアノ曲を聴いています。,Japanese
私たちは来月、人工知能と自然言語処理をテーマにしたハッカソンを開催します。,Japanese
どうぞ充実した素晴らしい週末をお過ごしになり、日頃の疲れを癒やしてください！,Japanese
新しい外国語を学ぶことは、異なる文化や思考方法を理解する最高の窓口です。,Japanese
ウェブサーバーはリクエストを正常に受信し、ステータスコード二百を返しました。,Japanese
恐れ入りますが、GitHubのリポジトリへのリンクを共有していただけますでしょうか？,Japanese
本日のミーティングで皆様と有意義な意見交換ができたことを大変嬉しく思います。,Japanese
開発環境のセットアップや初期設定で不明な点がございましたら、いつでもご連絡ください。,Japanese
今回のプロジェクト開発フェーズの提出期限は来週金曜日まで延長されました。,Japanese
どうぞ美味しいお食事をお召し上がりいただき、ご家族と素敵な夜をお過ごしください。,Japanese
여러분 좋은 아침입니다! 오늘 하루도 활기차고 기분 좋게 시작하셨나요?,Korean
저는 파이썬과 최신 웹 프레임워크를 활용하여 프로그램을 개발하는 것을 아주 좋아합니다.,Korean
혹시 내일과 주말 동안의 날씨 예보가 어떻게 되는지 알려주실 수 있으신가요?,Korean
이처럼 까다로운 알고리즘 문제를 해결하는 데 큰 도움을 주셔서 진심으로 감사드립니다.,Korean
실례지만 이 근처에서 가장 가깝고 신선한 식료품을 파는 마트가 어디에 있나요?,Korean
그녀는 컴퓨터 작업을 하면서 집중력을 높여주는 잔잔한 어쿠스틱 음악을 듣곤 합니다.,Korean
저희 동아리에서는 다음 달에 인공지능과 빅데이터를 주제로 한 해커톤을 기획하고 있습니다.,Korean
"즐겁고 행복한 주말 보내시고, 그동안 쌓였던 피로를 말끔히 푸시기를 바랍니다!",Korean
새로운 언어를 배우는 것은 다른 나라의 고유한 문화와 가치관을 이해하는 지름길입니다.,Korean
웹 서버가 클라이언트 요청을 정상적으로 처리하여 상태 코드 이백을 반환했습니다.,Korean
혹시 이번 프로젝트의 깃허브 저장소 링크를 저에게 메신저로 공유해 주실 수 있나요?,Korean
오늘 오후에 여러분과 직접 만나 유익한 기술적 논의를 나눌 수 있어서 무척 기뻤습니다.,Korean
설치나 라이브러리 환경 설정 과정에서 막히는 부분이 생기면 언제든 편하게 물어보세요.,Korean
이번 스프린트의 최종 산출물 제출 기한이 다음 주 금요일까지로 공식 연장되었습니다.,Korean
"맛있는 저녁 식사 든든하게 드시고, 가족들과 함께 평안하고 따뜻한 밤 보내세요.",Korean
Goedemorgen allemaal! Hoe verloopt jullie werkdag tot nu toe?,Dutch
Ik programmeer ontzettend graag in Python en bouw moderne webservices.,Dutch
Zou je mij kunnen vertellen wat het weerbericht voor komend weekend voorspelt?,Dutch
Hartelijk dank voor al je fantastische hulp bij het oplossen van dit probleem.,Dutch
Weet iemand waar ik hier in de buurt de dichtstbijzijnde supermarkt kan vinden?,Dutch
Zij luistert graag naar rustgevende akoestische muziek tijdens haar programmeerwerk.,Dutch
We organiseren een inspirerende hackathon gericht op innovaties in kunstmatige intelligentie.,Dutch
Fijn weekend gewenst en geniet lekker van je vrije tijd en de rust!,Dutch
Het leren van een vreemde taal verbreedt je kijk op de wereld en verbindt culturen.,Dutch
De server reageerde razendsnel en stuurde keurig een statuscode van tweehonderd terug.,Dutch
Zou je me de link naar het GitHub-project willen sturen via e-mail?,Dutch
Het was een waar genoegen om vanmiddag zo constructief met jou van gedachten te wisselen.,Dutch
Laat het me gerust even weten als je assistentie nodig hebt bij de installatie.,Dutch
De uiterste inleverdatum voor dit project is officieel verschoven naar volgende week vrijdag.,Dutch
Eet smakelijk en geniet van een hele gezellige en ontspannen avond met familie of vrienden.,Dutch
"Herkese günaydın! Bugün gününüz nasıl başladı, işleriniz yolunda mı?",Turkish
Python ve modern web teknolojileri kullanarak yazılım geliştirmeyi çok seviyorum.,Turkish
Yarın için yapılan hava durumu tahminlerinin nasıl olduğunu bana söyleyebilir misiniz?,Turkish
Bu zorlu problemi çözmemde gösterdiğiniz değerli katkı ve destek için çok teşekkür ederim.,Turkish
"Affedersiniz, bu civarda en yakın süpermarketi ya da bakkalı nerede bulabilirim?",Turkish
Bilgisayar başında kod yazarken kulaklıkla sakin enstrümantal müzikler dinlemeyi sever.,Turkish
Önümüzdeki ay yapay zekâ ve veri bilimi odaklı geniş katılımlı bir maraton düzenliyoruz.,Turkish
"İyi hafta sonları dilerim, sevdiklerinizle birlikte güzelce dinlenip enerjinizi toplayın!",Turkish
"Yeni bir dil öğrenmek, farklı kültürlerin zengin dünyasına yepyeni kapılar açar.",Turkish
Web sunucusu gelen isteği başarıyla yanıtlayarak iki yüz durum kodunu iletti.,Turkish
Rica etsem projenin GitHub üzerindeki kod deposunun bağlantısını bana gönderebilir misiniz?,Turkish
Bugün sizinle tanışmak ve bu önemli projeyi detaylıca değerlendirmek benim için büyük bir zevkti.,Turkish
Kurulum aşamasında ya da kütüphaneleri çalıştırırken bir sorunla karşılaşırsanız lütfen haber verin.,Turkish
Geliştirme sürecinin nihai teslim tarihi önümüzdeki cuma gününe kadar resmen ertelendi.,Turkish
"Afiyet olsun, sevdiklerinizle beraber huzurlu, neşeli ve çok keyifli bir akşam geçirmenizi dilerim.",Turkish
What is your name?,English
Where do you live?,English
I need help with this code.,English
Could we speak tomorrow?,English
Everything will be fine.,English
Knowledge is power.,English
Practice makes perfect.,English
Better late than never.,English
Actions speak louder than words.,English
Time is money.,English
The sun rises in the east and sets in the west.,English
Artificial intelligence is changing the world.,English
This is an open source software project.,English
We are building a machine learning model.,English
Thank you for your assistance.,English
How much does this ticket cost?,English
I would like to book a flight for next week.,English
Can you recommend a good book to read?,English
The weather is very warm today.,English
She is studying mathematics at university.,English
He works as a software developer in London.,English
They arrived at the airport just in time.,English
We need to test every feature thoroughly.,English
Natural language processing is fascinating.,English
Computers process binary data rapidly.,English
Please turn off the lights when leaving.,English
Music connects people across borders.,English
Health is the greatest wealth.,English
I hope you have a great day.,English
Welcome to our new application.,English
Do you speak any foreign languages?,English
I am looking for a quiet place to study.,English
The conference was very informative and inspiring.,English
Let us collaborate on this new initiative.,English
Have a safe and pleasant journey.,English
आपका नाम क्या है?,Hindi
आप कहाँ रहते हैं?,Hindi
मुझे इस कोड में मदद चाहिए।,Hindi
क्या हम कल बात कर सकते हैं?,Hindi
सब कुछ ठीक हो जाएगा।,Hindi
विद्या सबसे बड़ा धन है।,Hindi
अभ्यास ही मनुष्य को निपुण बनाता है।,Hindi
देर आए दुरुस्त आए।,Hindi
कर्म ही पूजा है।,Hindi
समय ही सबसे बड़ा धन है।,Hindi
सूरज पूरब में उगता है और पश्चिम में डूबता है।,Hindi
कृत्रिम बुद्धिमत्ता दुनिया को बदल रही है।,Hindi
यह एक ओपन सोर्स सॉफ्टवेयर प्रोजेक्ट है।,Hindi
हम एक मशीन लर्निंग मॉडल बना रहे हैं।,Hindi
आपकी सहायता के लिए धन्यवाद।,Hindi
इस टिकट की कीमत कितनी है?,Hindi
मैं अगले सप्ताह के लिए उड़ान बुक करना चाहता हूँ।,Hindi
क्या आप मुझे कोई अच्छी किताब बता सकते हैं?,Hindi
आज बहुत तेज गर्मी पड़ रही है।,Hindi
वह विश्वविद्यालय में गणित की पढ़ाई कर रही है।,Hindi
वह दिल्ली में एक सॉफ्टवेयर इंजीनियर के रूप में काम करता है।,Hindi
वे समय पर हवाई अड्डे पर पहुँच गए।,Hindi
हमें हर फीचर की अच्छी तरह से जांच करनी चाहिए।,Hindi
प्राकृतिक भाषा प्रसंस्करण बहुत ही रोचक विषय है।,Hindi
कंप्यूटर बहुत तेजी से गणना करते हैं।,Hindi
कमरे से बाहर जाते समय बत्तियां बुझा दें।,Hindi
संगीत सीमाओं के पार लोगों को जोड़ता है।,Hindi
पहला सुख निरोगी काया है।,Hindi
आशा है कि आपका दिन बहुत अच्छा बीतेगा।,Hindi
हमारे नए एप्लिकेशन में आपका स्वागत है।,Hindi
क्या आप कोई विदेशी भाषा बोलते हैं?,Hindi
मैं पढ़ाई के लिए एक शांत जगह ढूंढ रहा हूँ।,Hindi
सम्मेलन बहुत ही ज्ञानवर्धक और प्रेरणादायक था।,Hindi
आइए हम इस नई पहल पर मिलकर काम करें।,Hindi
आपकी यात्रा मंगलमय और सुखद हो।,Hindi
तुमचं नाव काय आहे?,Marathi
तुम्ही कुठे राहता?,Marathi
मला या कोडमध्ये मदत हवी आहे.,Marathi
आपण उद्या बोलू शकतो का?,Marathi
सगळं काही ठीक होईल.,Marathi
विद्या हेच खरे धन आहे.,Marathi
प्रयत्नांती परमेश्वर भेटतो.,Marathi
"उशिरा का होईना, योग्य निर्णय घेतला.",Marathi
करावे तसे भरावे.,Marathi
वेळ हीच सर्वात मोठी संपत्ती आहे.,Marathi
कृत्रिम बुद्धिमत्ता जग बदलत आहे.,Marathi
हा एक मुक्त स्रोत सॉफ्टवेअर प्रकल्प आहे.,Marathi
आम्ही एक मशीन लर्निंग मॉडेल तयार करत आहोत.,Marathi
तुमच्या मदतीबद्दल मनःपूर्वक धन्यवाद.,Marathi
या तिकिटाचा दर किती आहे?,Marathi
मला पुढच्या आठवड्यासाठी विमानाचे तिकीट आरक्षित करायचे आहे.,Marathi
तुम्ही मला वाचण्यासाठी एखादे चांगले पुस्तक सुचवू शकता का?,Marathi
आज खूपच उकडत आहे आणि उकाडा वाढला आहे.,Marathi
ती विद्यापीठात गणिताचा सखोल अभ्यास करत आहे.,Marathi
तो मुंबईत सॉफ्टवेअर इंजिनिअर म्हणून नोकरी करतो.,Marathi
ते वेळेवर विमानतळावर पोहोचले.,Marathi
आपल्याला प्रत्येक सुविधेची काटेकोरपणे चाचणी केली पाहिजे.,Marathi
नैसर्गिक भाषा प्रक्रिया हा एक अत्यंत रंजक विषय आहे.,Marathi
संगणक माहितीवर वेगाने प्रक्रिया करतात.,Marathi
खोलीबाहेर पडताना दिवे बंद करा.,Marathi
संगीत सीमा ओलांडून लोकांना एकत्र आणते.,Marathi
आरोग्य हीच खरी आणि शाश्वत संपत्ती आहे.,Marathi
मला आशा आहे की तुमचा दिवस आनंदात जाईल.,Marathi
आमच्या नवीन ॲप्लिकेशनमध्ये आपले सहर्ष स्वागत आहे.,Marathi
तुम्ही कोणती परदेशी भाषा बोलता का?,Marathi
मी अभ्यासासाठी एक शांत जागा शोधत आहे.,Marathi
परिषद अत्यंत माहितीपूर्ण आणि प्रेरणादायी ठरली.,Marathi
चला आपण या नवीन उपक्रमावर एकत्र येऊन काम करूया.,Marathi
तुमचा प्रवास सुखाचा आणि समाधानाचा होवो.,Marathi
Comment vous appelez-vous?,French
Où habitez-vous actuellement?,French
J'ai besoin d'aide avec ce code.,French
Pourrions-nous en discuter demain?,French
Tout va très bien se passer.,French
Le savoir est une force.,French
C'est en forgeant qu'on devient forgeron.,French
Mieux vaut tard que jamais.,French
Les actes valent mieux que les paroles.,French
"Le temps, c'est de l'argent.",French
L'intelligence artificielle transforme le monde contemporain.,French
Ceci est un projet logiciel à code source ouvert.,French
Nous développons un modèle d'apprentissage automatique.,French
Merci beaucoup pour votre assistance.,French
Combien coûte ce billet de train?,French
Je voudrais réserver un vol pour la semaine prochaine.,French
Pouvez-vous me recommander un bon livre à lire?,French
Il fait particulièrement chaud aujourd'hui.,French
Elle étudie les mathématiques pures à l'université.,French
Il travaille comme ingénieur logiciel à Paris.,French
Ils sont arrivés à l'aéroport juste à temps.,French
Nous devons tester chaque fonctionnalité avec soin.,French
Le traitement automatique des langues est passionnant.,French
Les ordinateurs traitent les données numériques avec une grande vitesse.,French
Veuillez éteindre les lumières en quittant la pièce.,French
La musique unit les êtres humains par-delà les frontières.,French
La santé est la plus grande des richesses.,French
J'espère que vous passerez une très belle journée.,French
Bienvenue sur notre nouvelle application interactive.,French
Parlez-vous une autre langue étrangère?,French
Je recherche un endroit calme pour étudier tranquillement.,French
La conférence a été extrêmement enrichissante et captivante.,French
Collaborons ensemble sur cette nouvelle initiative prometteuse.,French
Bon voyage et profitez bien de votre séjour.,French
Wie heißen Sie?,German
Wo wohnen Sie zurzeit?,German
Ich brauche Hilfe bei diesem Programmcode.,German
Könnten wir morgen darüber sprechen?,German
Alles wird gut werden.,German
Wissen ist Macht.,German
Übung macht den Meister.,German
Besser spät als nie.,German
Taten sagen mehr als Worte.,German
Zeit ist Geld.,German
Die Sonne geht im Osten auf und im Westen unter.,German
Künstliche Intelligenz verändert die moderne Welt nachhaltig.,German
Dies ist ein freies Open-Source-Softwareprojekt.,German
Wir entwickeln ein praxistaugliches Modell für maschinelles Lernen.,German
Vielen Dank für Ihre freundliche Unterstützung.,German
Wie viel kostet diese Fahrkarte?,German
Ich möchte einen Flug für nächste Woche buchen.,German
Können Sie mir ein gutes Buch zur Lektüre empfehlen?,German
Heute ist es draußen außergewöhnlich warm.,German
Sie studiert Mathematik an der Universität Heidelberg.,German
Er arbeitet als Softwareentwickler in München.,German
Sie kamen gerade noch rechtzeitig am Flughafen an.,German
Wir müssen jede Funktion sorgfältig und gründlich prüfen.,German
Computerlinguistik ist ein überaus faszinierendes Fachgebiet.,German
Rechner verarbeiten binäre Daten mit immenser Geschwindigkeit.,German
"Bitte schalten Sie das Licht aus, wenn Sie den Raum verlassen.",German
Musik verbindet Menschen über alle geografischen Grenzen hinweg.,German
Gesundheit ist das höchste Gut des Menschen.,German
Ich wünsche Ihnen einen angenehmen und erfolgreichen Tag.,German
Herzlich willkommen in unserer neuen Anwendung.,German
Sprechen Sie vielleicht eine Fremdsprache?,German
Ich suche einen ruhigen Ort zum konzentrierten Lernen.,German
Die Konferenz war überaus lehrreich und inspirierend.,German
Lassen Sie uns gemeinsam an dieser Initiative arbeiten.,German
Gute Reise und kommen Sie wohlbehalten an Ihr Ziel.,German
¿Cómo te llamas?,Spanish
¿Dónde vives actualmente?,Spanish
Necesito ayuda con este código de programación.,Spanish
¿Podríamos hablar mañana por la mañana?,Spanish
Todo saldrá muy bien.,Spanish
El conocimiento es poder.,Spanish
La práctica hace al maestro.,Spanish
Más vale tarde que nunca.,Spanish
Las acciones hablan más fuerte que las palabras.,Spanish
El tiempo es oro.,Spanish
El sol sale por el este y se pone por el oeste.,Spanish
La inteligencia artificial está transformando el mundo moderno.,Spanish
Este es un proyecto de software de código abierto.,Spanish
Estamos construyendo un modelo de aprendizaje automático.,Spanish
Muchas gracias por su valiosa ayuda.,Spanish
¿Cuánto cuesta este billete de transporte?,Spanish
Me gustaría reservar un vuelo para la próxima semana.,Spanish
¿Podrías recomendarme una buena novela para leer?,Spanish
Hoy hace un clima sumamente caluroso.,Spanish
Ella estudia matemáticas avanzadas en la universidad.,Spanish
Él trabaja como desarrollador de software en Barcelona.,Spanish
Llegaron a la terminal del aeropuerto justo a tiempo.,Spanish
Debemos probar exhaustivamente cada componente del sistema.,Spanish
El procesamiento del lenguaje natural resulta fascinante.,Spanish
Las computadoras procesan enormes cantidades de datos rápidamente.,Spanish
"Por favor, apaga las luces al salir de la habitación.",Spanish
La música une a las personas sin importar las fronteras.,Spanish
La buena salud es la mayor riqueza que podemos tener.,Spanish
Espero de corazón que tengas un día maravilloso.,Spanish
Te damos una cordial bienvenida a nuestra aplicación.,Spanish
¿Hablas algún otro idioma extranjero además del tuyo?,Spanish
Estoy buscando un lugar tranquilo para concentrarme y estudiar.,Spanish
La conferencia resultó sumamente productiva e inspiradora.,Spanish
Colaboremos juntos en esta emocionante nueva iniciativa.,Spanish
"Te deseo un viaje seguro, agradable y sin contratiempos.",Spanish
Come ti chiami?,Italian
Dove vivi attualmente?,Italian
Ho bisogno di un aiuto con questo codice sorgente.,Italian
Potremmo parlarne con calma domani?,Italian
Andrà tutto per il verso giusto.,Italian
La conoscenza è potere.,Italian
La pratica rende perfetti.,Italian
Meglio tardi che mai.,Italian
I fatti contano più delle parole.,Italian
Il tempo è denaro.,Italian
Il sole sorge a est e tramonta a ovest.,Italian
L'intelligenza artificiale sta rivoluzionando la nostra società.,Italian
Questo è un progetto software open source.,Italian
Stiamo realizzando un modello di machine learning affidabile.,Italian
Grazie mille per la vostra preziosa assistenza.,Italian
Quanto costa questo biglietto per il treno?,Italian
Vorrei prenotare un volo per la prossima settimana.,Italian
Sapresti consigliarmi un bel libro da leggere?,Italian
Oggi fa veramente molto caldo all'aperto.,Italian
Lei studia matematica e fisica all'università.,Italian
Lui lavora come sviluppatore di software a Milano.,Italian
Sono arrivati in aeroporto giusto in tempo per l'imbarco.,Italian
Dobbiamo collaudare attentamente ogni singola funzionalità.,Italian
L'elaborazione del linguaggio naturale è un campo affascinante.,Italian
I calcolatori elaborano flussi di informazioni con velocità incredibile.,Italian
"Per favore, spegni la luce quando esci dalla stanza.",Italian
La musica crea ponti tra culture e popoli diversi.,Italian
La salute è il bene più prezioso della nostra vita.,Italian
Ti auguro con affetto una giornata splendida e ricca di gioia.,Italian
Benvenuto nella nostra nuovissima applicazione web.,Italian
Parli per caso qualche altra lingua straniera?,Italian
Sto cercando una stanza silenziosa dove studiare sereno.,Italian
Il convegno scientifico è stato stimolante e ricco di idee.,Italian
Uniamo le nostre forze su questa iniziativa innovativa.,Italian
Ti auguro un buon viaggio e un soggiorno meraviglioso.,Italian
Qual é o seu nome completo?,Portuguese
Onde você mora atualmente?,Portuguese
Preciso de uma ajuda com este código.,Portuguese
Poderíamos conversar melhor amanhã?,Portuguese
Tudo vai dar muito certo no final.,Portuguese
Conhecimento é poder.,Portuguese
A prática leva à perfeição.,Portuguese
Antes tarde do que nunca.,Portuguese
Ações valem muito mais do que palavras.,Portuguese
Tempo é dinheiro.,Portuguese
O sol nasce no leste e se põe no oeste.,Portuguese
A inteligência artificial está transformando a sociedade.,Portuguese
Este é um projeto de código aberto colaborativo.,Portuguese
Estamos treinando um modelo de aprendizado de máquina.,Portuguese
Muito obrigado pelo seu apoio e dedicação.,Portuguese
Quanto custa esta passagem de ônibus?,Portuguese
Gostaria de reservar uma passagem aérea para a semana que vem.,Portuguese
Você pode me sugerir um bom livro para ler?,Portuguese
Hoje a temperatura está bastante elevada.,Portuguese
Ela estuda matemática aplicada na faculdade.,Portuguese
Ele trabalha como engenheiro de software em Lisboa.,Portuguese
Eles conseguiram chegar ao aeroporto bem a tempo.,Portuguese
Temos que testar minuciosamente cada recurso do sistema.,Portuguese
O processamento de linguagem natural é uma área fascinante.,Portuguese
Os computadores realizam cálculos matemáticos com rapidez extrema.,Portuguese
"Por favor, apague as lâmpadas ao sair do recinto.",Portuguese
A música aproxima os corações para além das fronteiras.,Portuguese
A saúde corporal e mental é nossa maior riqueza.,Portuguese
Espero sinceramente que você tenha um dia maravilhoso.,Portuguese
Seja muito bem-vindo à nossa nova plataforma digital.,Portuguese
Você costuma falar outros idiomas estrangeiros?,Portuguese
Estou à procura de um ambiente silencioso para ler e estudar.,Portuguese
O simpósio acadêmico foi extremamente construtivo e motivador.,Portuguese
Vamos unir forças para colaborar neste novo projeto conjunto.,Portuguese
Desejo a você uma viagem tranquila e repleta de boas experiências.,Portuguese
Как вас зовут?,Russian
Где вы сейчас живёте?,Russian
Мне нужна помощь с этим исходным кодом.,Russian
Мы могли бы обсудить это завтра?,Russian
Всё обязательно будет хорошо.,Russian
Знание — это великая сила.,Russian
Повторение — мать учения.,Russian
"Лучше поздно, чем никогда.",Russian
Поступки говорят громче любых слов.,Russian
Время — деньги.,Russian
Солнце встаёт на востоке и садится на западе.,Russian
Искусственный интеллект стремительно меняет современный мир.,Russian
Это проект с открытым исходным кодом.,Russian
Мы обучаем модель машинного обучения для классификации текстов.,Russian
Большое спасибо за ваше содействие.,Russian
Сколько стоит этот билет на поезд?,Russian
Я хотел бы забронировать авиабилет на следующую неделю.,Russian
Можете посоветовать интересную книгу для вечернего чтения?,Russian
Сегодня на улице стоит непривычно жаркая погода.,Russian
Она с отличием изучает высшую математику в университете.,Russian
Он работает ведущим программистом в крупной компании.,Russian
Они прибыли в терминал аэропорта в самый нужный момент.,Russian
Мы обязаны тщательно протестировать каждый рабочий сценарий.,Russian
Компьютерная лингвистика открывает захватывающие перспективы.,Russian
Электронно-вычислительные машины быстро обрабатывают массивы данных.,Russian
"Пожалуйста, не забудьте выключить свет перед уходом.",Russian
Музыка объединяет души людей через все расстояния.,Russian
Здоровье — самое ценное богатство человека.,Russian
Желаю вам прекрасного и продуктивного дня.,Russian
Добро пожаловать в наш новый программный интерфейс.,Russian
Владеете ли вы какими-либо иностранными языками?,Russian
Я ищу тихое и уединённое место для подготовки к занятиям.,Russian
Научная конференция прошла на высочайшем уровне.,Russian
Давайте объединим усилия в реализации этого проекта.,Russian
Счастливого пути и приятных впечатлений от поездки.,Russian
ما اسمك الكريم؟,Arabic
أين تسكن حاليا؟,Arabic
أحتاج إلى بعض المساعدة في هذا الكود البرمجي.,Arabic
هل يمكننا التحدث في هذا الأمر غدا؟,Arabic
سيكون كل شيء على ما يرام بإذن الله.,Arabic
المعرفة قوة وسلاح للإنسان.,Arabic
التكرار يعلم الشطار ويصقل المهارة.,Arabic
أن تأتي متأخرا خير من ألا تأتي أبدا.,Arabic
الأفعال أبلغ وأصدق من الأقوال.,Arabic
الوقت من ذهب إن لم تقطعه قطعك.,Arabic
تشرق الشمس في الشرق وتغرب في الغرب.,Arabic
الذكاء الاصطناعي يحدث ثورة في عالمنا المعاصر.,Arabic
هذا مشروع برمجي مفتوح المصدر ومتاح للجميع.,Arabic
نحن نبني نموذجا ذكيا للتعلم الآلي.,Arabic
شكرا جزيلا لك على تقديم هذه المساعدة.,Arabic
كم يبلغ ثمن تذكرة السفر هذه؟,Arabic
أود حجز تذكرة طيران للأسبوع القادم.,Arabic
هل تستطيع أن ترشح لي رواية مفيدة وممتعة لأقرأها؟,Arabic
الطقس اليوم حار جدا مقارنة بالأمس.,Arabic
هي تدرس الرياضيات والفيزياء في الجامعة العريقة.,Arabic
هو يعمل مهندسا برمجيا ومطور نظم في العاصمة.,Arabic
وصل المسافرون إلى صالة المطار في الوقت المناسب.,Arabic
يتعين علينا فحص واختبار جميع الوظائف البرمجية بدقة.,Arabic
معالجة اللغات الطبيعية علم شيق وغني بالتحديات.,Arabic
تعالج الحواسيب الحديثة البيانات الرقمية بسرعات هائلة.,Arabic
يرجى إطفاء الأنوار والمصابيح عند مغادرة القاعة.,Arabic
الموسيقى لغة عالمية تجمع بين مختلف الشعوب.,Arabic
الصحة تاج على رؤوس الأصحاء لا يراه إلا المرضى.,Arabic
أتمنى لك من صميم قلبي يوما رائعا وموفقا.,Arabic
أهلا وسهلا بك في تطبيقنا التقني الجديد.,Arabic
هل تجيد التحدث بأي لغة أجنبية أخرى؟,Arabic
أبحث عن مكان هادئ ومريح للمطالعة والمذاكرة.,Arabic
كان المؤتمر حافلا بالمعلومات القيمة والنقاشات المثمرة.,Arabic
دعونا نتعاون سويا لإنجاح هذه المبادرة الطيبة.,Arabic
رافقتك السلامة وأتمنى لك رحلة مريحة وممتعة.,Arabic
请问你叫什么名字？,Chinese
你目前住在哪个城市？,Chinese
我需要一些关于这段代码的帮助。,Chinese
我们明天可以就此交流一下吗？,Chinese
一切都会往好的方向发展的。,Chinese
知识就是力量。,Chinese
熟能生巧，勤能补拙。,Chinese
亡羊补牢，未为迟也。,Chinese
事实胜于雄辩，行动胜过空谈。,Chinese
一寸光阴一寸金，寸金难买寸光阴。,Chinese
太阳从东方升起，并在西方缓缓落下。,Chinese
人工智能正在深刻改变人类生活的方方面面。,Chinese
这是一个完全开源的跨平台软件项目。,Chinese
我们正在训练一个高精度的机器学习分类模型。,Chinese
非常感谢你给予我的无私帮助与指导。,Chinese
请问这张高铁车票的价格是多少？,Chinese
我想预订下周前往上海的往返机票。,Chinese
你能给我推荐一本值得深入阅读的好书吗？,Chinese
今天的气温非常高，体感十分炎热。,Chinese
她正在重点大学攻读应用数学专业硕士学位。,Chinese
他在一家知名互联网科技公司担任高级软件工程师。,Chinese
他们准时到达了机场登机口，没有耽误行程。,Chinese
我们必须严谨地对每一个功能模块进行单元测试。,Chinese
自然语言处理技术的发展前景非常广阔。,Chinese
超级计算机能够极其迅速地处理海量二进制数据。,Chinese
离开会议室时请随手关闭电灯和空调电源。,Chinese
音乐是跨越国界和语言的无形纽带。,Chinese
身体健康是人生最重要的基石与财富。,Chinese
衷心祝愿你今天心情愉快，诸事顺遂。,Chinese
热烈欢迎使用我们全新设计的智能语言检测系统。,Chinese
你平时还会讲其他哪几种外语吗？,Chinese
我正在寻找一个安静舒适的地方专心备考。,Chinese
昨天的技术研讨会内容详实，令人深受启发。,Chinese
让我们在这个富有挑战性的新项目上紧密合作。,Chinese
祝你一路平安，旅途充满欢声笑语。,Chinese
あなたのお名前は何とおっしゃいますか？,Japanese
普段はどちらにお住まいですか？,Japanese
このソースコードについて少し教えていただけますか？,Japanese
明日少しお時間をいただきお話しできますか？,Japanese
きっと全てうまくいくはずです。,Japanese
知識は力なり。,Japanese
継続は力なり、練習は嘘をつかない。,Japanese
遅くとも何もしないよりはましです。,Japanese
行動は言葉よりも雄弁に物語る。,Japanese
時は金なり。,Japanese
太陽は東から昇り、西の空へと沈みます。,Japanese
人工知能は現代の社会構造を根底から変革しています。,Japanese
これは誰でも利用できるオープンソースプロジェクトです。,Japanese
私たちは高精度な機械学習言語判定モデルを構築しています。,Japanese
いつも丁寧なご対応をいただきありがとうございます。,Japanese
この電車の指定席券はいくらですか？,Japanese
来週の大阪行きの航空券を予約したいのですが。,Japanese
週末に読書するための面白い小説をお勧めしてもらえますか？,Japanese
今日は日差しが強くてかなり暑いですね。,Japanese
彼女は大学の理学部で現代数学を専攻しています。,Japanese
彼は都内のIT企業でシステムエンジニアとして勤務しています。,Japanese
彼らは出発時刻にちょうど間に合って空港に着きました。,Japanese
リリース前にすべての機能を隅々まで検証しなければなりません。,Japanese
自然言語処理の研究分野は非常に奥が深くて興味深いです。,Japanese
電子計算機は膨大なデジタル情報を超高速で演算します。,Japanese
部屋を退室する際は必ず照明のスイッチを切ってください。,Japanese
音楽は言葉や国境を越えて人々の心をひとつにつなぎます。,Japanese
健康こそが人生における何物にも代えがたい最大の財産です。,Japanese
本日もあなたにとって素晴らしい一日となりますように。,Japanese
私たちの新しい言語判定システムへようこそ。,Japanese
日本語のほかに何か外国語を話すことができますか？,Japanese
集中して資格の勉強ができる静かなカフェを探しています。,Japanese
昨日の学術シンポジウムは非常に刺激的で実り多いものでした。,Japanese
この画期的なプロジェクトで力を合わせて成功させましょう。,Japanese
どうぞ道中お気をつけて良いご旅行をお楽しみください。,Japanese
성함이 어떻게 되시나요?,Korean
현재 어디에 거주하고 계십니까?,Korean
이 코드와 관련해서 도움이 조금 필요합니다.,Korean
내일 잠시 시간 내서 이야기 나눌 수 있을까요?,Korean
모든 일이 다 잘 풀릴 것입니다.,Korean
아는 것이 곧 힘이다.,Korean
연습이 완벽을 만든다.,Korean
시작이 반이다.,Korean
행동이 말보다 더 큰 울림을 준다.,Korean
시간은 금이다.,Korean
태양은 동쪽에서 떠올라 서쪽으로 집니다.,Korean
인공지능은 현대 사회 전반을 획기적으로 변화시키고 있습니다.,Korean
이것은 전 세계 개발자가 참여하는 오픈소스 소프트웨어 프로젝트입니다.,Korean
우리는 머신러닝 기반의 자연어 분류 모델을 개발하고 있습니다.,Korean
언제나 친절하게 지원해 주셔서 대단히 감사드립니다.,Korean
이 지하철 승차권 가격이 얼마인가요?,Korean
다음 주에 출발하는 항공편을 미리 예약하고 싶습니다.,Korean
주말에 읽을 만한 유익한 책 한 권 추천해 주시겠어요?,Korean
오늘은 바깥 날씨가 유난히 무덥고 햇살이 강합니다.,Korean
그녀는 대학교에서 순수 수학과 통계학을 전공하고 있습니다.,Korean
그는 판교 테크노밸리에서 소프트웨어 개발자로 일하고 있습니다.,Korean
그들은 비행기 탑승 시간에 딱 맞춰 공항에 도착했습니다.,Korean
배포하기 전에 각 기능을 철저하게 검증하고 테스트해야 합니다.,Korean
자연어 처리는 무궁무진한 잠재력을 가진 매력적인 학문입니다.,Korean
컴퓨터는 대용량의 이진 데이터를 눈 깜짝할 사이에 처리합니다.,Korean
회의실에서 나갈 때에는 반드시 조명을 꺼 주시기 바랍니다.,Korean
음악은 국경과 언어의 장벽을 넘어 인간을 하나로 묶어줍니다.,Korean
건강한 신체와 마음은 인생에서 가장 소중한 밑천입니다.,Korean
오늘 하루도 보람차고 기분 좋은 일들만 가득하시기를 응원합니다.,Korean
새롭게 선보이는 언어 감지 시스템에 오신 것을 환영합니다.,Korean
혹시 평소에 구사할 수 있는 다른 외국어가 있으신가요?,Korean
시험공부에 집중할 수 있는 조용한 독서실을 찾고 있습니다.,Korean
어제 열린 기술 세미나는 무척 유익하고 시사하는 바가 컸습니다.,Korean
이 뜻깊은 혁신 과제에서 서로 긴밀히 협력해 나갑시다.,Korean
안전하고 즐거운 여행길이 되시기를 진심으로 기원합니다.,Korean
Hoe heet u?,Dutch
Waar woont u momenteel?,Dutch
Ik heb wat hulp nodig bij deze broncode.,Dutch
Zouden we hier morgen even over kunnen spreken?,Dutch
Alles komt uiteindelijk helemaal goed.,Dutch
Kennis is macht.,Dutch
Oefening baart kunst.,Dutch
Beter laat dan nooit.,Dutch
Daden zeggen meer dan woorden.,Dutch
Tijd is geld.,Dutch
De zon komt op in het oosten en gaat onder in het westen.,Dutch
Kunstmatige intelligentie verandert onze maatschappij ingrijpend.,Dutch
Dit is een volledig open source softwareproject.,Dutch
Wij ontwikkelen een betrouwbaar machine learning model voor taaldetectie.,Dutch
Hartelijk dank voor uw voortreffelijke en snelle ondersteuning.,Dutch
Hoeveel kost een enkeltje naar Den Haag met de trein?,Dutch
Ik wil graag een vliegticket boeken voor aanstaande maandag.,Dutch
Kun je mij een meeslepende roman aanraden om vanavond te lezen?,Dutch
Het is vandaag uitzonderlijk warm voor deze tijd van het jaar.,Dutch
Zij studeert met veel toewijding wiskunde aan de Universiteit van Amsterdam.,Dutch
Hij werkt als senior software engineer bij een technologiebedrijf.,Dutch
Zij kwamen precies op tijd aan op Schiphol voor hun aansluiting.,Dutch
We moeten elke individuele functie uitvoerig testen voor de lancering.,Dutch
Natuurlijke taalverwerking is een fascinerend wetenschappelijk vakgebied.,Dutch
Moderne computers verwerken enorme hoeveelheden gegevens in een fractie van een seconde.,Dutch
Vergeet alstublieft niet het licht uit te doen bij het verlaten van de zaal.,Dutch
Muziek verbindt mensen van over de hele wereld zonder woorden.,Dutch
Een goede gezondheid is het allerbelangrijkste bezit in het leven.,Dutch
"Ik wens je een hele prettige, zonnige en inspirerende dag toe.",Dutch
Van harte welkom bij onze geavanceerde taalherkenningsapplicatie.,Dutch
Spreekt u naast het Nederlands nog een andere Europese taal?,Dutch
Ik ben op zoek naar een rustige werkplek om ongestoord te kunnen studeren.,Dutch
Het academische congres was buitengewoon boeiend en informatief opgezet.,Dutch
Laten we met volle energie samenwerken aan dit veelbelovende project.,Dutch
Een behouden vaart en een hele plezierige reis gewenst!,Dutch
Adınız ve soyadınız nedir?,Turkish
Şu anda hangi şehirde yaşıyorsunuz?,Turkish
Bu kod parçasını düzeltmek için yardıma ihtiyacım var.,Turkish
Bu konuyu yarın sabah detaylıca konuşabilir miyiz?,Turkish
Her şey zamanla çok daha güzel olacak.,Turkish
Bilgi en büyük güçtür.,Turkish
"İşleyen demir ışıldar, pratik mükemmelleştirir.",Turkish
Geç olsun ama güç olmasın.,Turkish
Aynası iştir kişinin lafa bakılmaz.,Turkish
Vakit nakittir.,Turkish
Güneş daima doğudan doğar ve batıdan batar.,Turkish
Yapay zekâ teknolojileri çağımızın dünyasını baştan aşağı dönüştürüyor.,Turkish
"Bu, tüm geliştiricilerin katkısına açık bir açık kaynak yazılım projesidir.",Turkish
Yüksek doğruluk oranına sahip bir makine öğrenimi modeli eğitiyoruz.,Turkish
Gösterdiğiniz samimi yardım ve rehberlik için çok teşekkür ederim.,Turkish
Bu otobüs biletinin güncel fiyatı ne kadar acaba?,Turkish
Önümüzdeki hafta içi için bir uçak bileti ayırtmak istiyorum.,Turkish
Bana okumam için sürükleyici ve kaliteli bir roman önerebilir misiniz?,Turkish
Bugün dışarıda hava mevsim normallerinin üzerinde oldukça sıcak.,Turkish
"O, üniversitede ileri matematik ve istatistik eğitimi alıyor.",Turkish
Ankara'da saygın bir teknoloji firmasında yazılım uzmanı olarak görev yapıyor.,Turkish
Uçağın kalkış saatine tam vaktinde yetişerek havalimanına vardılar.,Turkish
Sistemi devreye almadan önce her bir modülü kapsamlıca test etmeliyez.,Turkish
Doğal dil işleme alanı son derece heyecan verici imkanlar sunuyor.,Turkish
Modern bilgisayarlar karmaşık algoritmaları saniyeler içinde çözer.,Turkish
Odadan çıkarken lütfen lambaları ve elektrikli cihazları kapatınız.,Turkish
"Müzik, sınırları ve dilleri aşarak tüm insanları birbirine bağlar.",Turkish
"Sağlık, insanın sahip olabileceği en kıymetli hazinedir.",Turkish
"Gününüzün harika, verimli ve bol neşeli geçmesini dilerim.",Turkish
Yeni dil tespit sistemimize ve uygulamamıza hoş geldiniz.,Turkish
Anadilinizin dışında akıcı olarak konuştuğunuz başka bir yabancı dil var mı?,Turkish
Sessizce oturup ders çalışabileceğim sakin bir kütüphane arıyorum.,Turkish
Dün düzenlenen uluslararası konferans ufkumuzu genişleten fikirlerle doluydu.,Turkish
Gelin bu heyecan verici yeni projede güçlerimizi birleştirelim.,Turkish
"Hayırlı yolculuklar, kazasız belasız keyifli bir seyahat dilerim.",Turkish
La persévérance transforme chaque épreuve en une nouvelle opportunité de grandir.,French
निसर्गाच्या सान्निध्यात घालवलेले क्षण मनाला नवी ऊर्जा आणि प्रसन्नता देतात.,Marathi
